date,spy_equity_$,spy_drawdown_%,strategy_equity_$,strategy_drawdown_%
2023-01-10,10000.0,0.0,10009.4,0.0
2023-01-11,10126.478570331305,0.0,10029.4,0.0
2023-01-12,10163.346817553382,0.0,10050.4,0.0
2023-01-13,10202.77535972144,0.0,10050.4,0.0
2023-01-17,10184.085206615802,-0.18318695106649407,10050.4,0.0
2023-01-18,10023.2986840084,-1.759096612296085,10155.4,0.0
2023-01-19,9950.330278048032,-2.474278544542019,10183.8,0.0
2023-01-20,10135.695632136823,-0.6574654956085113,10220.8,0.0
2023-01-23,10257.309642070768,0.0,10229.8,0.0
2023-01-24,10246.300373803062,-0.10733095374786394,10177.8,-0.508318833212773
2023-01-25,10250.14081622203,-0.06988992337069178,10255.2,0.0
2023-01-26,10362.793793845052,0.0,10266.2,0.0
2023-01-27,10386.604536842646,0.0,10274.2,0.0
2023-01-30,10256.285524092376,-1.2546834943798157,10211.0,-0.6151330517217946
2023-01-31,10407.086896410468,0.0,10272.4,-0.017519612232597126
2023-02-01,10517.691638076709,0.0,10387.4,0.0
2023-02-02,10670.797275846178,0.0,10415.4,0.0
2023-02-03,10557.376209739365,-1.0629108882383775,10378.8,-0.35140273057203686
2023-02-06,10492.856777100722,-1.6675464273717577,10339.199999999999,-0.7316089636499878
2023-02-07,10630.088586205133,-0.381496233024603,10429.199999999999,0.0
2023-02-08,10513.85119565774,-1.4707999424156681,10344.199999999999,-0.8150193686955909
2023-02-09,10422.704695580933,-2.324967608810391,10272.199999999999,-1.5053887162965518
2023-02-10,10447.02749756772,-2.0970296079466433,10283.199999999999,-1.3999156215241837
2023-02-13,10569.665625480056,-0.9477422141177527,10380.199999999999,-0.4698346948950993
2023-02-14,10564.801065082698,-0.9933298142905111,10426.199999999999,-0.028765389483376147
2023-02-15,10599.109017358802,-0.6718172657037225,10464.199999999999,0.0
2023-02-16,10453.172205438066,-2.039445270886331,10348.199999999999,-1.1085415034116308
2023-02-17,10427.057196989092,-2.284178703392703,10341.199999999999,-1.1754362493071602
2023-02-21,10217.881099902708,-4.2444455108210715,10130.199999999999,-3.1918350184438338
2023-02-22,10203.799477699831,-4.376409616584298,10085.199999999999,-3.621872670629389
2023-02-23,10258.077730554562,-3.8677479725514607,10017.199999999999,-4.2717073450430965
2023-02-24,10148.497106866713,-4.894668650127154,9827.199999999999,-6.087421876493182
2023-02-27,10183.061088637412,-4.570756754162863,9910.199999999999,-5.294241318017622
2023-02-28,10145.424752931538,-4.9234608186573325,9863.199999999999,-5.743391754744753
2023-03-01,10106.508269752676,-5.2881616200393555,9759.199999999999,-6.737256550906901
2023-03-02,10185.109324594194,-4.551561975142759,9909.199999999999,-5.303797710288416
2023-03-03,10348.456142147576,-3.020778348289277,10436.199999999999,-0.2675789835821174
2023-03-06,10355.624967996317,-2.953596621718868,10476.199999999999,0.0
2023-03-07,10196.886681345692,-4.4411919957771495,10701.199999999999,0.0
2023-03-08,10213.528598494548,-4.285234416238781,10716.199999999999,0.0
2023-03-09,10025.090890470585,-6.051154086088573,10669.199999999999,-0.43858830555607575
2023-03-10,9880.43422602284,-7.406785354383594,10635.6,-0.7521322856982704
2023-03-13,9866.352603819962,-7.538749460146832,10615.0,-0.9443646068568956
2023-03-14,10029.443391878744,-6.010365180670874,10692.0,-0.22582631903098616
2023-03-15,9966.71616570229,-6.598205288161618,10687.4,-0.2687519829790319
2023-03-16,10141.584310512571,-4.959451029320028,10793.4,0.0
2023-03-17,9984.894259818731,-6.427851624358183,10977.4,0.0
2023-03-20,10080.9053202929,-5.528096357790657,11036.4,0.0
2023-03-21,10213.27256899995,-4.287633763616294,11089.4,0.0
2023-03-22,10039.172512673462,-5.919189980325346,11089.4,0.0
2023-03-23,10066.311639100826,-5.664859158308932,11089.4,0.0
2023-03-24,10132.367248707053,-5.045827534910496,11080.8,-0.07755153570075946
2023-03-27,10151.313431307288,-4.868275828974511,11060.2,-0.26331451656536053
2023-03-28,10128.526806288086,-5.081817745573192,11056.6,-0.29577795011451746
2023-03-29,10275.743765681807,-3.7021930035030515,11139.6,0.0
2023-03-30,10335.910696912284,-3.138346369787426,11167.6,0.0
2023-03-31,10481.59147933842,-1.7731177119823416,11186.6,0.0
2023-04-03,10521.532080495674,-1.3988195210902665,11199.6,0.0
2023-04-04,10463.15735572738,-1.945870723163301,11222.6,0.0
2023-04-05,10435.762199805418,-2.202600892557227,11198.6,-0.2138541870867705
2023-04-06,10476.470889446466,-1.821104659532602,11219.6,-0.026731773385846314
2023-04-10,10487.224128219572,-1.720332069677044,11221.6,-0.008910591128619139
2023-04-11,10490.040452660149,-1.6939392485243898,11210.6,-0.10692709354338525
2023-04-12,10447.283527062318,-2.0946302605691303,11041.6,-1.612816994279398
2023-04-13,10586.051513134316,-0.7941839819568863,11077.6,-1.2920357136492422
2023-04-14,10560.192534179938,-1.0365180670857566,11078.6,-1.283125122520623
2023-04-17,10598.08489938041,-0.6814146552137745,11084.6,-1.2296615757489304
2023-04-18,10604.99769573455,-0.6166322760209231,11096.6,-1.1227344822055452
2023-04-19,10603.205489272365,-0.6334277076635253,11097.0,-1.1191702457541086
2023-04-20,10545.342823493267,-1.1756802149815226,11070.400000000001,-1.3561919697752667
2023-04-21,10553.535767320396,-1.098901098901095,11078.400000000001,-1.2849072407463469
2023-04-24,10564.5450355881,-0.9957291616680242,11078.800000000001,-1.2813430042948992
2023-04-25,10396.845716626556,-2.56730169393925,10971.800000000001,-2.2347762550567585
2023-04-26,10352.808643555738,-2.9799894428715445,10826.800000000001,-3.5268119687060007
2023-04-27,10558.91238670695,-1.0485148039733105,10838.800000000001,-3.4198848751626154
2023-04-28,10649.034768805368,-0.20394452708862865,10908.800000000001,-2.796143496159531
2023-05-01,10638.28153003226,-0.30471711694419756,10926.800000000001,-2.635752855844453
2023-05-02,10518.7157560551,-1.4252123422428875,10872.800000000001,-3.116924776789687
2023-05-03,10446.515438578524,-2.1018283027016693,10835.800000000001,-3.4466166485484617
2023-05-04,10372.522914639769,-2.795239694802998,10884.2,-3.015344037923473
2023-05-05,10564.5450355881,-0.9957291616680242,11042.2,-1.6074706396022265
2023-05-08,10567.361360028675,-0.9693363405153921,11060.2,-1.4470799992871486
2023-05-09,10521.020021506478,-1.4036182158452926,11018.6,-1.8177605902375604
2023-05-10,10570.177684469252,-0.9429435193627267,11079.6,-1.274214531392015
2023-05-11,10551.743560858213,-1.1156965305436861,11045.6,-1.5771746297649436
2023-05-12,10537.917968149932,-1.2452612889294112,10993.6,-2.040525368452939
2023-05-15,10574.274156382817,-0.9045539613225184,11014.6,-1.8534029547520148
2023-05-16,10503.61001587383,-1.5667738375161888,10999.6,-1.9870618216812463
2023-05-17,10631.112704183524,-0.37189884351455094,11027.6,-1.7375652700800215
2023-05-18,10733.524502022634,0.0,11036.6,-1.6573699499224825
2023-05-19,10717.90670285217,-0.14550485413734604,11036.6,-1.6573699499224825
2023-05-22,10722.259204260332,-0.10495432101710334,11027.0,-1.742911624757193
2023-05-23,10601.925341799377,-1.2260572955179683,10969.4,-2.2561616737654444
2023-05-24,10525.116493420042,-1.9416549388164062,10960.8,-2.3327927574715357
2023-05-25,10616.262993496852,-1.0924790687689367,11098.8,-1.1031311817226053
2023-05-26,10753.75083209586,0.0,11184.8,-0.3368203446616702
2023-05-30,10757.847304009423,0.0,11193.8,-0.25662502450413127
2023-05-31,10698.19243176814,-0.554524251511257,11240.2,0.0
2023-06-01,10799.836141123458,0.0,11283.2,0.0
2023-06-02,10956.014132828102,0.0,11309.2,0.0
2023-06-05,10935.019714271086,-0.19162460272946769,11266.6,-0.3766844692816518
2023-06-06,10958.830457268676,0.0,11326.6,0.0
2023-06-07,10920.938092068209,-0.34577015629742025,11270.6,-0.49441138558791176
2023-06-08,10986.993701674432,0.0,11244.0,-0.7292567937421723
2023-06-09,11006.707972758462,0.0,11260.0,-0.5879963978599134
2023-06-12,11106.559475651597,0.0,11314.0,-0.11124256175728542
2023-06-13,11179.78391110656,0.0,11340.0,0.0
2023-06-14,11193.097444825646,0.0,11354.0,0.0
2023-06-15,11331.86543089764,0.0,11368.0,0.0
2023-06-16,11251.472169593935,-0.7094441934026419,11374.0,0.0
2023-06-20,11193.097444825646,-1.224582015363751,11427.8,0.0
2023-06-21,11135.746838035742,-1.7306823316764586,11389.8,-0.3325224452650599
2023-06-22,11175.943468687594,-1.3759602349751487,11446.199999999999,0.0
2023-06-23,11091.453735470326,-2.121554450971541,11330.199999999999,-1.013436773776455
2023-06-26,11046.13651492652,-2.5214640759150475,11279.199999999999,-1.4589994932816097
2023-06-27,11167.238465871267,-1.4527790329869172,11395.199999999999,-0.4455627195051659
2023-06-28,11172.87111475242,-1.4030727519204644,11398.199999999999,-0.41935314776956334
2023-06-29,11216.90818782324,-1.0144600090374989,11419.199999999999,-0.23588614562037868
2023-06-30,11349.275436530288,0.0,11479.199999999999,0.0
2023-07-03,11362.332940754775,0.0,11484.199999999999,0.0
2023-07-05,11345.434994111323,-0.14871898871086087,11479.599999999999,-0.040055032131103285
2023-07-06,11256.592759485897,-0.9306203384483291,11439.0,-0.3935842287664748
2023-07-07,11228.17348558554,-1.18073863764393,11422.0,-0.541613695337928
2023-07-10,11256.592759485897,-0.9306203384483291,11447.0,-0.323923303321072
2023-07-11,11328.281017973271,-0.2996912954325248,11495.0,0.0
2023-07-12,11419.42751805008,0.0,11567.0,0.0
2023-07-13,11510.061959137694,0.0,11603.0,0.0
2023-07-14,11502.893133288955,-0.062283121274142594,11603.0,0.0
2023-07-17,11542.833734446209,0.0,11605.800000000001,0.0
2023-07-18,11628.603615136464,0.0,11480.800000000001,-1.0770476830550213
2023-07-19,11654.46259409084,0.0,11477.800000000001,-1.1028968274483408
2023-07-20,11577.14168672231,-0.6634446397188132,11404.2,-1.737062503231146
2023-07-21,11577.14168672231,-0.6634446397188132,11405.2,-1.7284461217667024
2023-07-24,11628.859644631062,-0.2196836555360404,11439.2,-1.435489151975744
2023-07-25,11660.607301961189,0.0,11462.2,-1.2373123782936202
2023-07-26,11662.39950842337,0.0,11471.2,-1.1597649451136505
2023-07-27,11585.078601054844,-0.6629931285811352,11481.2,-1.0736011304692483
2023-07-28,11698.49966716166,0.0,11532.2,-0.6341656757828051
2023-07-31,11720.774233191663,0.0,11534.2,-0.616932912853918
2023-08-01,11687.234369399355,-0.28615740841869686,11527.2,-0.6772475831050007
2023-08-02,11524.655640329767,-1.67325629655517,11353.6,-2.1730514053318273
2023-08-03,11491.627835526651,-1.9550448895781947,11335.0,-2.333316100570415
2023-08-04,11439.653848123306,-2.39847965224228,11300.0,-2.634889451825817
2023-08-07,11539.505351016438,-1.5465606500797202,11392.0,-1.8421823570973217
2023-08-08,11489.323570075274,-1.974704558858853,11383.0,-1.9197297902772803
2023-08-09,11412.51472169594,-2.6300268682146855,11340.0,-2.2902341932482084
2023-08-10,11416.611193609506,-2.595076345049019,11363.0,-2.0920574195660846
2023-08-11,11409.954426749962,-2.651870945193202,11140.0,-4.013510486136251
2023-08-14,11472.937682421016,-2.1145066515214306,11239.0,-3.1604887211566735
2023-08-15,11339.290286240976,-3.254767469800557,11145.0,-3.9704285788140448
2023-08-16,11256.080700496695,-3.9646999716027143,11014.0,-5.099174550655716
2023-08-17,11170.310819806444,-4.696476550383344,10879.0,-6.26238604835514
2023-08-18,11175.687439192996,-4.650603988728442,10862.0,-6.408864533250624
2023-08-21,11248.399815658764,-4.030232202538276,10934.0,-5.788485067810933
2023-08-22,11217.932305801629,-4.2901767185827495,10927.0,-5.8487997380620165
2023-08-23,11342.874699165344,-3.224185762030618,11158.0,-3.858415619776323
2023-08-24,11185.672589482308,-4.5654120885122,10844.0,-6.563959399610553
2023-08-25,11264.529673818426,-3.892614517573534,11173.0,-3.7291698978097254
2023-08-28,11335.961902811205,-3.2831647698726374,11295.4,-2.6745248065622507
2023-08-29,11499.820779353784,-1.8851438432468837,11418.4,-1.6147098864361054
2023-08-30,11547.186235854371,-1.481028419144137,11429.4,-1.5199296903272597
2023-08-31,11530.28828921092,-1.625199327202409,11432.4,-1.4940805459339401
2023-09-01,11551.794766757132,-1.441709080582787,11368.4,-2.045528959658116
2023-09-05,11501.869015310564,-1.8676685816640837,11372.800000000001,-2.007616881214569
2023-09-06,11424.548107942035,-2.5273597064155995,11349.800000000001,-2.2057936548966928
2023-09-07,11389.47206718214,-2.826623561021424,11324.2,-2.426373020386363
2023-09-08,11406.626043320191,-2.6802682452652826,11343.2,-2.2626617725620024
2023-09-11,11481.64268523734,-2.0402367897944362,11398.6,-1.785314239432012
2023-09-12,11418.659429566287,-2.5776010834662078,11340.6,-2.285064364369549
2023-09-13,11431.97296328537,-2.4640118831778746,11282.6,-2.7848144893070748
2023-09-14,11530.544318705515,-1.6230149195045729,11351.6,-2.1902841682607033
2023-09-15,11351.57970198167,-3.1499159003036237,11284.0,-2.7727515552568582
2023-09-18,11358.23646884121,-3.0931213001594515,11264.0,-2.9450791845456625
2023-09-19,11334.681755338215,-3.294086808361907,11323.0,-2.436712678143693
2023-09-20,11230.47775103692,-4.183140741387959,11172.0,-3.737786279274169
2023-09-21,11044.85636745353,-5.7668363223311925,10892.0,-6.1503730893174176
2023-09-22,11020.021506477548,-5.978723869022906,10847.0,-6.538110255217234
2023-09-25,11066.362844999743,-5.583346075711571,10921.0,-5.9004980268486555
2023-09-26,10903.784115930155,-6.970444963848054,10745.0,-7.416981164590131
2023-09-27,10908.13661733832,-6.933310032984541,10725.0,-7.589308793878935
2023-09-28,10971.375902503967,-6.393761331614945,10670.0,-8.063209774423141
2023-09-29,10944.7488350658,-6.62093973219161,10517.0,-9.381516138482493
2023-10-02,10940.396333657638,-6.658074663055102,10564.0,-8.976546209653801
2023-10-03,10793.947462747708,-7.9075558662268675,10508.0,-9.459063571662451
2023-10-04,10872.548517589228,-7.236942702986071,10578.0,-8.855916869151637
2023-10-05,10868.452045675664,-7.2718932261517155,10434.0,-10.09667580003103
2023-10-06,10997.490910952944,-6.170951746433939,10730.0,-7.546226886556728
2023-10-09,11067.899021967332,-5.570239629524432,10809.0,-6.865532750865954
2023-10-10,11125.505658251832,-5.078747897507574,10886.0,-6.202071378104057
2023-10-11,11171.078908290236,-4.689923327289803,10975.0,-5.435213427768881
2023-10-12,11102.975062727228,-5.270975774918618,10845.0,-6.555343018146109
2023-10-13,11047.672691894108,-5.742807837654807,10665.4,-8.102845129159576
2023-10-16,11163.910082441498,-4.751086742829669,10660.4,-8.14592703648177
2023-10-17,11163.398023452302,-4.755455558225375,10649.4,-8.240707232590616
2023-10-18,11014.644887090994,-6.024596430677809,10557.4,-9.033414327319111
2023-10-19,10917.865738133034,-6.850302540466135,10446.8,-9.986386117286195
2023-10-20,10783.706282963798,-7.9949321741409785,10500.8,-9.521101518206432
2023-10-23,10765.01612985816,-8.154393936084226,10488.8,-9.62449809577971
2023-10-24,10846.177479645656,-7.461936695864912,10585.8,-8.788709093729008
2023-10-25,10690.511546930207,-8.790056576159365,10176.8,-12.312809112685052
2023-10-26,10562.49679963132,-9.88226042508571,9955.8,-14.217029416326332
2023-10-27,10514.619284141534,-10.290744664584183,9951.8,-14.251494942184095
2023-10-30,10640.32976598904,-9.218200484938532,10065.199999999999,-13.27439728411658
2023-10-31,10707.153464079063,-8.64807007579893,10151.199999999999,-12.533388478174723
2023-11-01,10821.342618669672,-7.6738242425566145,10306.199999999999,-11.197849351186495
2023-11-02,11028.72650929387,-5.904454007295923,10479.199999999999,-9.70721535783834
2023-11-03,11129.346100670798,-5.045981782039788,10492.199999999999,-9.595202398800618
2023-11-06,11154.949050130575,-4.827541012254521,10484.599999999999,-9.66068689793037
2023-11-07,11186.6967074607,-4.556674457720778,10505.599999999999,-9.479742887177123
2023-11-08,11194.88965128783,-4.486773411389489,10464.6,-9.833014527219152
2023-11-09,11107.583593629986,-5.231656436357279,10403.6,-10.35861379655001
2023-11-10,11280.915561472682,-3.7528124249109784,10477.000000000002,-9.72617139706008
2023-11-13,11270.162322699576,-3.844557548220784,10471.000000000002,-9.77786968584673
2023-11-14,11488.811511086078,-1.9790733742545585,10533.000000000002,-9.24365403505143
2023-11-15,11513.134313072867,-1.7715546429585505,10533.000000000002,-9.24365403505143
2023-11-16,11527.215935275744,-1.6514122195766534,10539.400000000001,-9.188509193679018
2023-11-17,11541.55358697322,-1.5290853884969091,10545.400000000001,-9.136810904892378
2023-11-20,11630.39582159865,-0.7710959173420018,10571.800000000001,-8.909338434231163
2023-11-21,11605.048901633469,-0.9873522794294209,10581.800000000001,-8.82317461958676
2023-11-22,11649.85406318808,-0.6050809323051909,10605.800000000001,-8.616381464440192
2023-11-24,11657.022889036818,-0.5439175167653132,10603.800000000001,-8.633614227369069
2023-11-27,11636.0284704798,-0.7230389479892518,10629.2,-8.414758138172296
2023-11-28,11647.5497977367,-0.6247406015858714,10560.6,-9.005841906632895
2023-11-29,11639.356853909572,-0.6946416479171491,10548.6,-9.109238484206184
2023-11-30,11685.186133442572,-0.30363267000153016,10563.6,-8.979992762239576
2023-12-01,11754.314096983971,0.0,10604.6,-8.626721122197523
2023-12-04,11692.61098878591,-0.5249401001960141,10553.6,-9.066156576883976
2023-12-05,11690.30672333453,-0.5445436724024977,10568.6,-8.936910854917379
2023-12-06,11643.197296328535,-0.9453278152907973,10516.6,-9.384962691068266
2023-12-07,11732.039530953967,-0.18950119799605591,10607.6,-8.600871977804204
2023-12-08,11782.47734138973,0.0,10660.6,-8.144203760188873
2023-12-11,11828.30662092273,0.0,10778.6,-7.127470747384934
2023-12-12,11882.328844282863,0.0,10778.6,-7.127470747384934
2023-12-13,12046.18772082544,0.0,10778.6,-7.127470747384934
2023-12-14,12084.848174509703,0.0,10778.6,-7.127470747384934
2023-12-15,12016.2322699575,-0.56778458083514,10778.6,-7.127470747384934
2023-12-18,12083.824056531314,-0.008474396728874733,10777.0,-7.141256957728038
2023-12-19,12157.304521480875,0.0,10912.0,-5.978045460028614
2023-12-20,11988.837114035538,-1.3857299300817139,10912.0,-5.978045460028614
2023-12-21,12102.51420963695,-0.4506781231572776,11047.0,-4.814833962329191
2023-12-22,12126.83701162374,-0.25061073203604955,11047.0,-4.814833962329191
2023-12-26,12178.042910543296,0.0,11047.4,-4.811387409743418
2023-12-27,12200.061447078704,0.0,11047.0,-4.814833962329191
2023-12-28,12204.669977981464,0.0,11047.0,-4.814833962329191
2023-12-29,12169.337907726973,-0.28949631836202583,11047.0,-4.814833962329191
2024-01-02,12101.23406216396,-0.8475109610019294,11047.0,-4.814833962329191
2024-01-03,12002.40667724922,-1.6572615326522433,11075.4,-4.570128728739087
2024-01-04,11963.746223564956,-1.9740292433237494,11041.800000000001,-4.859639145944272
2024-01-05,11980.132111219214,-1.8397700811848328,11058.800000000001,-4.7131606610487875
2024-01-08,12151.15981361053,-0.4384400763598917,11146.800000000001,-3.954919092178044
2024-01-09,12132.725689999488,-0.5894816337661868,11148.800000000001,-3.937686329249168
2024-01-10,12201.341594551694,-0.027271392309469178,11161.800000000001,-3.8256733702114465
2024-01-11,12195.96497516514,-0.07132517988630571,11161.800000000001,-3.8256733702114465
2024-01-12,12204.413948486868,-0.0020977994084070417,10969.800000000001,-5.480018611383963
2024-01-16,12159.608786932256,-0.3692126958820152,10904.2,-6.045253235451242
2024-01-17,12092.017000358444,-0.9230317397050269,10881.6,-6.239983456547593
2024-01-18,12199.549388089508,-0.04195598816841839,10933.6,-5.791931620396706
2024-01-19,12351.63090788059,0.0,10983.6,-5.361112547174695
2024-01-22,12377.745916329564,0.0,11051.4,-4.776921883885654
2024-01-23,12413.84607506785,0.0,11014.4,-5.095727998069943
2024-01-24,12427.41563828153,0.0,11069.4,-4.621827017525737
2024-01-25,12495.007424855345,0.0,11151.4,-3.9152837374416327
2024-01-26,12479.133596190282,-0.1270413704075546,11137.4,-4.035913077943798
2024-01-29,12577.960981105023,0.0,11159.4,-3.8463526857261177
2024-01-30,12568.231860310309,-0.07735054043600531,11141.4,-4.001447552086034
2024-01-31,12363.152235137488,-1.7078185112056499,11173.8,-3.7222767926381795
2024-02-01,12524.962875723284,-0.42135689132248855,11257.8,-2.998500749625199
2024-02-02,12656.81806544114,0.0,11325.8,-2.4125868100432712
2024-02-05,12610.73275641354,-0.3641144937797214,11321.8,-2.4470523359010343
2024-02-06,12647.344974141022,-0.07484575705472007,11320.8,-2.4556687173654668
2024-02-07,12752.829125915308,0.0,11344.8,-2.2488755622189105
2024-02-08,12758.461774796457,0.0,11346.8,-2.2316427992900234
2024-02-09,12832.198269240618,0.0,11363.8,-2.0851643143945386
2024-02-12,12826.565620359466,-0.04389465283320959,11369.8,-2.0334660256078996
2024-02-13,12649.905269087,-1.4205905826017662,11363.199999999999,-2.090334143273209
2024-02-14,12764.862512161402,-0.5247406225059925,11388.199999999999,-1.8749246066622094
2024-02-15,12852.936658303037,0.0,11402.199999999999,-1.7542952661600442
2024-02-16,12788.929284653594,-0.49799804784764756,11392.199999999999,-1.8404590808044463
2024-02-20,12718.521173639205,-1.045795900480062,11375.000000000002,-1.9886608419927954
2024-02-21,12730.042500896105,-0.9561562518674793,11375.0,-1.9886608419928065
2024-02-22,12993.496850837217,0.0,11507.0,-0.8512984886867025
2024-02-23,13002.45788314814,0.0,11507.000000000002,-0.8512984886866803
2024-02-26,12954.836397152952,-0.3662498769321676,11509.000000000002,-0.8340657257578044
2024-02-27,12978.903169645144,-0.18115585310622961,11534.400000000001,-0.6152096365610316
2024-02-28,12961.749193507092,-0.31308457221621566,11508.800000000001,-0.835789002050702
2024-02-29,13008.346561523887,0.0,11559.800000000001,-0.39635354736424766
2024-03-01,13130.47263044703,0.0,11609.800000000001,0.0
2024-03-04,13116.391008244149,-0.10724383347959776,11623.800000000001,0.0
2024-03-05,12985.30390701009,-1.1055864287803474,11689.800000000001,0.0
2024-03-06,13051.103487121718,-0.6044652432485198,11689.800000000001,0.0
2024-03-07,13180.654411388192,0.0,11689.800000000001,0.0
2024-03-08,13101.54129755748,-0.6002214409199458,11689.800000000001,0.0
2024-03-11,13090.275999795176,-0.6856898661642186,11658.6,-0.266899348149674
2024-03-12,13231.092221823954,0.0,11725.6,0.0
2024-03-13,13210.353832761535,-0.15673981191222097,11710.6,-0.1279252234427264
2024-03-14,13184.238824312562,-0.3541158713572412,11841.6,0.0
2024-03-15,13053.1517230785,-1.344866287395019,11688.0,-1.2971220105391201
2024-03-18,13130.728659941627,-0.7585432872789011,11754.0,-0.7397648966355974
2024-03-19,13203.697065901992,-0.20705135647663964,11795.0,-0.3935279016349158
2024-03-20,13325.823134825134,0.0,11831.0,-0.08951493041481351
2024-03-21,13369.860207895952,0.0,11840.0,-0.013511687609790712
2024-03-22,13344.513287930771,-0.1895825354270464,11843.0,0.0
2024-03-25,13307.64504070869,-0.46533895059365227,11828.400000000001,-0.12327957443214466
2024-03-26,13283.066209227303,-0.6491765607047228,11817.400000000001,-0.21616144557965455
2024-03-27,13394.695068871932,0.0,11861.400000000001,0.0
2024-03-28,13392.134773925958,-0.01911424584739585,11855.400000000001,-0.05058424806515527
2024-04-01,13368.83608991756,-0.1930538830590134,11856.400000000001,-0.042153540054290506
2024-04-02,13283.8342977111,-0.8276468451936747,11816.800000000001,-0.3760095772843086
2024-04-03,13298.42797890317,-0.718695643863354,11828.800000000001,-0.2748410811539981
2024-04-04,13136.10527932818,-1.9305388305904114,11668.800000000001,-1.6237543628913942
2024-04-05,13273.337088432589,-0.9060152531681576,11794.800000000001,-0.5614851535232002
2024-04-08,13280.761943775924,-0.8505839402106141,11819.800000000001,-0.35071745325172543
2024-04-09,13296.123713451792,-0.735898465126017,11927.800000000001,0.0
2024-04-10,13162.988376260946,-1.7298392491923997,11823.800000000001,-0.8719126745921346
2024-04-11,13262.327820164885,-0.9882065103121063,11940.800000000001,0.0
2024-04-12,13079.266731527474,-2.354875088403352,11758.800000000001,-1.524185984188664
2024-04-15,12915.407854984896,-3.5781868226388847,11805.800000000001,-1.1305775157443354
2024-04-16,12891.8531414819,-3.754037884435235,11924.800000000001,-0.1339943722363679
2024-04-17,12815.556352091762,-4.323642410688655,11551.800000000001,-3.2577381749966494
2024-04-18,12789.18531414819,-4.520519142917201,11463.800000000001,-3.9947072222966673
2024-04-19,12677.55645450356,-5.353900261865141,11241.800000000001,-5.8538791370762455
2024-04-22,12794.305904040148,-4.48229065122232,11363.800000000001,-4.832172048773953
2024-04-23,12946.131394336628,-3.3488158724697348,11651.800000000001,-2.420273348519364
2024-04-24,12939.986686466282,-3.394690062503558,11653.800000000001,-2.403524051989814
2024-04-25,12890.82902350351,-3.761683582774211,11520.800000000001,-3.51735227120461
2024-04-26,13012.955092426648,-2.8499340558518105,11747.800000000001,-1.6163071151011676
2024-04-29,13059.04040145425,-2.5058776305980524,11764.2,-1.4789628835588986
2024-04-30,12852.168569819243,-4.050308695070415,11622.2,-2.6681629371566373
2024-05-01,12810.435762199808,-4.361870902383513,11586.6,-2.966300415382561
2024-05-02,12930.257565671563,-3.46732419672382,11164.6,-6.50040198311671
2024-05-03,13090.532029289776,-2.2707724066746593,11460.6,-4.021506096743943
2024-05-06,13225.715602437404,-1.2615402259303465,11488.6,-3.7870159453302965
2024-05-07,13240.309283629476,-1.1525890246000037,11490.6,-3.7702666488007575
2024-05-08,13241.589431102466,-1.1430319016762835,11488.0,-3.7920407342891704
2024-05-09,13317.8862204926,-0.5734273754228858,11515.0,-3.565925231140299
2024-05-10,13335.040196630654,-0.4453619282450805,11525.0,-3.4821787484925704
2024-05-13,13336.832403092836,-0.4319819561519056,11530.0,-3.440305507168706
2024-05-14,13398.023452301704,0.0,11563.4,-3.160592255125294
2024-05-15,13563.930564801063,0.0,11611.4,-2.7586091384162015
2024-05-16,13536.02334988991,-0.2057457812676522,11611.4,-2.7586091384162015
2024-05-17,13555.48159147934,-0.062290007172760564,11592.800000000001,-2.91437759614096
2024-05-20,13571.099390649802,0.0,11592.2,-2.919402385099834
2024-05-21,13604.383224947516,0.0,11616.6,-2.7150609674393755
2024-05-22,13565.210712274056,-0.2879403794037949,11591.6,-2.924427174058697
2024-05-23,13466.127297864716,-1.0162601626016343,11412.6,-4.423489213453036
2024-05-24,13555.225561984744,-0.3613369467027949,11511.6,-3.5943990352405253
2024-05-28,13564.69865328486,-0.2917043059319502,11527.6,-3.4604046630041574
2024-05-29,13469.711710789084,-0.9899126769045474,11412.6,-4.423489213453036
2024-05-30,13380.35741717446,-1.6467178560674478,11290.6,-5.445196301755328
2024-05-31,13502.227456603,-0.7509033423667821,11483.6,-3.828889186654161
2024-06-03,13513.236724870703,-0.6699789220114716,11500.6,-3.686520166153029
2024-06-04,13528.342465051976,-0.5589430894308967,11517.6,-3.544151145651886
2024-06-05,13689.128987659378,0.0,11665.6,-2.304703202465508
2024-06-06,13688.87295816478,-0.001870312529228535,11670.6,-2.2628299611416325
2024-06-07,13672.231041015926,-0.12344062692875024,11677.6,-2.204207423288229
2024-06-10,13714.47590762456,0.0,11688.0,-2.1171110813345884
2024-06-11,13747.503712427671,0.0,11716.0,-1.8826209299209529
2024-06-12,13860.412719545291,0.0,11744.0,-1.6481307785073063
2024-06-13,13888.319934456453,0.0,11768.0,-1.44713922015276
2024-06-14,13896.768907778176,0.0,11772.4,-1.4102907677877696
2024-06-17,14007.373649444418,0.0,11806.8,-1.1222028674795825
2024-06-18,14042.961749193508,0.0,11815.8,-1.046831033096629
2024-06-20,14004.81335449844,-0.2716549071086094,11877.8,-0.5276028406807076
2024-06-21,13941.062010343592,-0.7256285438203114,11993.2,0.0
2024-06-24,13895.744789799786,-1.0483326952177796,11946.6,-0.38855351365774116
2024-06-25,13949.254954170725,-0.6672865503472902,11999.6,0.0
2024-06-26,13966.664959803373,-0.5433098142171966,12210.6,0.0
2024-06-27,13988.68349633878,-0.38651570675855007,12261.6,0.0
2024-06-28,13933.63715500026,-0.7785009754051719,12261.6,0.0
2024-07-01,13962.312458395209,-0.5743039982497367,11979.6,-2.299862986885892
2024-07-02,14056.275282912591,0.0,11979.6,-2.299862986885892
2024-07-03,14119.002509089049,0.0,11979.6,-2.299862986885892
2024-07-05,14200.41988837114,0.0,11979.6,-2.299862986885892
2024-07-08,14216.805776025398,0.0,11964.0,-2.4270894499902163
2024-07-09,14230.63136873368,0.0,12111.0,-1.2282247015071523
2024-07-10,14371.447590762458,0.0,12111.0,-1.2282247015071523
2024-07-11,14247.529315377133,-0.8622532601724631,12213.0,-0.3963593658250164
2024-07-12,14337.395667980953,-0.2369414950473936,12213.0,-0.3963593658250164
2024-07-15,14376.82421014901,0.0,12190.4,-0.5806746264761631
2024-07-16,14462.08203185007,0.0,12359.800000000001,0.0
2024-07-17,14259.306672128632,-1.4021173388096053,12435.800000000001,0.0
2024-07-18,14149.726048440782,-2.1598272138228958,12480.800000000001,0.0
2024-07-19,14055.763223923395,-2.8095457281450353,12480.800000000001,0.0
2024-07-22,14200.67591786574,-1.8075275289452186,12467.2,-0.10896737388629285
2024-07-23,14178.401351835731,-1.9615479941932579,12607.2,0.0
2024-07-24,13857.084336115522,-4.183337464150405,12607.2,0.0
2024-07-25,13784.884018638948,-4.682576213575052,12607.2,0.0
2024-07-26,13939.26980388141,-3.6150550578904372,12607.2,0.0
2024-07-29,13947.462747708538,-3.558403852281977,12567.600000000002,-0.31410622501426566
2024-07-30,13876.798607199553,-4.047020500655007,12742.6,0.0
2024-07-31,14102.36059194019,-2.4873419962468724,12742.6,0.0
2024-08-01,13902.657586153926,-3.868215132953301,12883.6,0.0
2024-08-02,13643.811767115572,-5.6580391601458775,13186.0,0.0
2024-08-05,13246.453991499822,-8.40562263215664,13150.4,-0.26998331563780065
2024-08-06,13368.58006042296,-7.561165598555397,13263.4,0.0
2024-08-07,13279.225766808337,-8.179017809722765,13263.4,0.0
2024-08-08,13586.205130831073,-6.056367949580421,13263.4,0.0
2024-08-09,13646.116032566952,-5.642106008568504,13263.4,0.0
2024-08-12,13653.28485841569,-5.59253620366108,13252.800000000001,-0.0799191760785245
2024-08-13,13877.82272517794,-4.039939099953971,13393.800000000001,0.0
2024-08-14,13921.60376875416,-3.737209219983728,13393.800000000001,0.0
2024-08-15,14160.223257719292,-2.0872428566370282,13393.800000000001,0.0
2024-08-16,14191.970915049413,-1.8677194349042359,13393.800000000001,0.0
2024-08-19,14327.666547186238,-0.9294338420139381,13405.2,0.0
2024-08-20,14304.36786317784,-1.0905357079630251,13630.2,0.0
2024-08-21,14353.525526140613,-0.7506284743122205,13628.6,-0.011738639198255463
2024-08-22,14240.872548517593,-1.5295825514286543,13776.6,0.0
2024-08-23,14392.185979824875,-0.4833055978472611,13776.6,0.0
2024-08-26,14357.878027548772,-0.7205325213327396,13854.0,0.0
2024-08-27,14377.592298632802,-0.5842155578373531,13877.0,0.0
2024-08-28,14294.126683393926,-1.1613497149736363,13789.0,-0.6341428262592763
2024-08-29,14295.406830866918,-1.1524979640972988,13789.0,-0.6341428262592763
2024-08-30,14431.870551487533,-0.2089013206812318,13789.0,-0.6341428262592763
2024-09-03,14134.87633775411,-2.262507523988244,13900.0,0.0
2024-09-04,14105.945004864565,-2.4625570937931274,13900.0,0.0
2024-09-05,14071.63705258846,-2.699784017278617,13972.0,0.0
2024-09-06,13834.809770085516,-4.337357929398422,14240.0,0.0
2024-09-09,13989.707614317167,-3.2662960733633284,14218.4,-0.15168539325842723
2024-09-10,14050.64263403144,-2.84495273165033,14163.4,-0.5379213483146073
2024-09-11,14194.78723948999,-1.8482455829763156,14163.4,-0.5379213483146073
2024-09-12,14314.353013467153,-1.0214920511277148,14163.4,-0.5379213483146073
2024-09-13,14389.113625889704,-0.5045497999504267,14163.4,-0.5379213483146073
2024-09-16,14410.36407394132,-0.35761073540345745,14151.199999999999,-0.6235955056179798
2024-09-17,14416.25275231707,-0.3168926813723605,14369.2,0.0
2024-09-18,14373.495826719238,-0.6125411606415776,14369.2,0.0
2024-09-19,14618.77208254391,0.0,14369.2,0.0
2024-09-20,14548.876030518715,-0.47812532838279465,14514.600000000002,0.0
2024-09-23,14585.2322187516,-0.22943010263056784,14572.000000000002,0.0
2024-09-24,14626.965026371035,0.0,14704.000000000002,0.0
2024-09-25,14594.70531005172,-0.2205496236652893,14704.000000000002,0.0
2024-09-26,14652.567975830816,0.0,14704.000000000002,0.0
2024-09-27,14631.317527779202,-0.1450288310326675,14704.000000000002,0.0
2024-09-30,14689.948282042093,0.0,14696.400000000001,-0.05168661588683676
2024-10-01,14558.349121818836,-0.8958449525934165,15325.400000000001,0.0
2024-10-02,14564.49382968918,-0.8540156162855639,15325.400000000001,0.0
2024-10-03,14537.866762251011,-1.0352760736196398,15325.400000000001,0.0
2024-10-04,14669.977981463466,-0.13594534300055416,15325.400000000001,0.0
2024-10-07,14537.354703261815,-1.0387618516452979,15274.800000000001,-0.3301708275151083
2024-10-08,14674.842541860822,-0.10283045175684125,15443.800000000001,0.0
2024-10-09,14776.486251216142,0.0,15443.800000000001,0.0
2024-10-10,14750.627272261763,-0.17500086634094636,15443.800000000001,0.0
2024-10-11,14838.957447898,0.0,15443.800000000001,0.0
2024-10-14,14960.315428337348,0.0,15430.2,-0.08806122845413933
2024-10-15,14844.078037789954,-0.7769715224534735,15671.2,0.0
2024-10-16,14908.597470428593,-0.34570098576125474,15678.2,0.0
2024-10-17,14909.877617901584,-0.33714403066813503,15840.2,0.0
2024-10-18,14967.228224691486,0.0,15840.2,0.0
2024-10-21,14942.649393210098,-0.1642176568193099,15829.600000000002,-0.0669183469905632
2024-10-22,14934.712478877567,-0.2172462751672155,15971.600000000002,0.0
2024-10-23,14798.248758256952,-1.1289963906327527,16251.600000000002,0.0
2024-10-24,14830.252445081676,-0.9151713166492659,16251.600000000002,0.0
2024-10-25,14825.131855189718,-0.9493833284866304,16251.600000000002,0.0
2024-10-28,14870.961134722722,-0.6431858225422915,16227.000000000002,-0.15136971128997256
2024-10-29,14895.027907214911,-0.4823893669067214,16221.000000000002,-0.18828915306801086
2024-10-30,14849.966716165703,-0.7834550710754562,16221.000000000002,-0.18828915306801086
2024-10-31,14558.86118080803,-2.728407944029154,16221.000000000002,-0.18828915306801086
2024-11-01,14620.308259511496,-2.3178638019808795,16221.000000000002,-0.18828915306801086
2024-11-04,14588.816631675969,-2.5282676747806265,16264.400000000001,0.0
2024-11-05,14765.22095345384,-1.349663866983697,16417.4,0.0
2024-11-06,15132.36724870705,0.0,16417.4,0.0
2024-11-07,15249.372727738237,0.0,16417.4,0.0
2024-11-08,15315.428337344463,0.0,16417.4,0.0
2024-11-11,15330.022018536536,0.0,16410.800000000003,-0.040201249893401236
2024-11-12,15282.40053254135,-0.31064199345314236,16554.2,0.0
2024-11-13,15289.825387884686,-0.26220856436635076,16633.2,0.0
2024-11-14,15191.51006195914,-0.9035339702050837,16633.2,0.0
2024-11-15,14996.927646064829,-2.172823835927573,16469.600000000002,-0.983575018637417
2024-11-18,15058.374724768291,-1.771995457278397,16556.0,-0.46413197700984066
2024-11-19,15113.421066106815,-1.412920034738463,16699.0,0.0
2024-11-20,15118.541655998772,-1.379517669851027,16699.0,0.0
2024-11-21,15199.703005786268,-0.8500901863851884,16699.0,0.0
2024-11-22,15246.812432792258,-0.5427884294208041,16699.0,0.0
2024-11-25,15298.53039070101,-0.2054245440577196,16677.4,-0.1293490628181293
2024-11-26,15378.411593015517,0.0,16825.4,0.0
2024-11-27,15331.81422499872,-0.3030050778323634,16885.4,0.0
2024-11-29,15427.057196989092,0.0,16885.4,0.0
2024-12-02,15454.708382405654,0.0,16885.4,0.0
2024-12-03,15461.877208254393,0.0,16885.4,0.0
2024-12-04,15557.88826872856,0.0,16885.4,0.0
2024-12-05,15532.28531926878,-0.1645657110884602,16885.4,0.0
2024-12-06,15561.728711147523,0.0,16885.4,0.0
2024-12-09,15481.59147933842,-0.5149635576907174,16972.800000000003,0.0
2024-12-10,15433.457934354035,-0.8242707425017759,17103.2,0.0
2024-12-11,15552.767678836604,-0.05758378440628986,17192.2,0.0
2024-12-12,15472.6304470275,-0.5725473420970073,17192.2,0.0
2024-12-13,15469.558093092326,-0.5922903538934654,17192.2,0.0
2024-12-16,15535.61370269855,-0.16781560026981612,17187.600000000002,-0.02675631972638426
2024-12-17,15471.606329049107,-0.5791283460291785,17356.600000000002,0.0
2024-12-18,15010.49720927851,-3.5422253664796455,17356.600000000002,0.0
2024-12-19,15005.88867837575,-3.5718398841743215,17356.600000000002,0.0
2024-12-20,15135.183573147628,-2.7409881377403966,17355.000000000004,-0.00921839530783064
2024-12-23,15225.818014235245,-2.158569289745116,17424.000000000004,0.0
2024-12-24,15395.05351016437,-1.07105838995738,17424.000000000004,0.0
2024-12-26,15396.077628142764,-1.06447738602522,17424.000000000004,0.0
2024-12-27,15234.01095806237,-2.105921258287935,17588.000000000004,0.0
2024-12-30,15060.16693123048,-3.223046675770369,17555.4,-0.1853536502160691
2024-12-31,15005.376619386556,-3.5751303861403794,17695.4,0.0
2025-01-02,14968.508372164477,-3.8120465276977766,17831.4,0.0
2025-01-03,15155.665932715452,-2.6093680590973944,17831.4,0.0
2025-01-06,15242.971990373291,-2.048337473881634,17831.4,0.0
2025-01-07,15070.664140508989,-3.155591385465839,18167.4,0.0
2025-01-08,15092.682677044397,-3.014099800924619,18100.800000000003,-0.3665907064301921
2025-01-10,14862.256131906395,-4.494825685658343,18246.800000000003,0.0
2025-01-13,14885.298786420197,-4.346753097184964,18252.600000000002,0.0
2025-01-14,14905.78114598802,-4.215133018541961,18649.600000000002,0.0
2025-01-15,15176.916380767065,-2.4728122275052944,18649.600000000002,0.0
2025-01-16,15147.72901838292,-2.6603708395715575,18649.600000000002,0.0
2025-01-17,15299.810538174,-1.6830917556473035,18649.600000000002,0.0
2025-01-21,15439.858671718985,-0.7831394679258086,18630.000000000004,-0.10509608785174152
2025-01-22,15526.652670387632,-0.22539938467610598,18768.000000000004,0.0
2025-01-23,15611.398433099494,0.0,18772.4,0.0
2025-01-24,15565.82518306109,-0.2919229192291928,18840.4,0.0
2025-01-27,15345.639817707,-1.7023370233702373,18833.800000000003,-0.03503110337359505
2025-01-28,15477.495007424855,-0.8577285772857768,18911.800000000003,0.0
2025-01-29,15408.111014388858,-1.302173021730213,18911.800000000003,0.0
2025-01-30,15490.80854114394,-0.7724477244772432,18911.800000000003,0.0
2025-01-31,15408.367043883458,-1.3005330053300401,18911.800000000003,0.0
2025-02-03,15304.675098571355,-1.964739647396474,18803.200000000004,-0.5742446514874211
2025-02-04,15407.342925905064,-1.3070930709307094,18889.200000000004,-0.11950210979387865
2025-02-05,15469.814122586924,-0.9069290692906851,18889.200000000004,-0.11950210979387865
2025-02-06,15523.58031645246,-0.5625256252562272,18889.200000000004,-0.11950210979387865
2025-02-07,15381.48394695069,-1.472734727347269,18889.200000000004,-0.11950210979387865
2025-02-10,15485.943980746584,-0.8036080360803499,18864.000000000004,-0.25275224991803125
2025-02-11,15497.72133749808,-0.7281672816728202,19083.000000000004,0.0
2025-02-12,15447.795586051514,-1.0479704797047962,19079.400000000005,-0.018864958339881444
2025-02-13,15610.8863741103,-0.0032800328003124157,19149.400000000005,0.0
2025-02-14,15610.118285626506,-0.008200082000808795,19149.400000000005,0.0
2025-02-18,15655.947565159508,0.0,19259.800000000003,0.0
2025-02-19,15692.815812381588,0.0,19408.800000000003,0.0
2025-02-20,15627.528291259154,-0.4160344574421271,19786.800000000003,0.0
2025-02-21,15360.233498899075,-2.1193284714404625,20236.800000000003,0.0
2025-02-24,15290.337446873882,-2.5647300670549655,19384.200000000004,-4.2131166982922075
2025-02-25,15214.29668697834,-3.049287846899329,19947.200000000004,-1.4310562934851334
2025-02-26,15221.977571816273,-3.0003426166120284,20297.200000000004,0.0
2025-02-27,14979.005581442982,-4.548643401367225,21269.200000000004,0.0
2025-02-28,15212.760510010754,-3.0590768929567913,21269.200000000004,0.0
2025-03-03,14946.233806134467,-4.757476383926395,21269.200000000004,0.0
2025-03-04,14769.317425367404,-5.884848188210723,21971.600000000002,0.0
2025-03-05,14928.055712018024,-4.873313428939696,22057.600000000002,0.0
2025-03-06,14663.065185109326,-6.561923873851827,22057.600000000002,0.0
2025-03-07,14745.250652875213,-6.038209909777626,22057.600000000002,0.0
2025-03-10,14352.501408162225,-8.540942685135311,22001.0,-0.25660089946323295
2025-03-11,14233.191663679656,-9.301225262264868,22187.0,0.0
2025-03-12,14308.720364586,-8.819930497772999,21641.0,-2.4609005273358298
2025-03-13,14117.978391110655,-10.035403716574498,22026.0,-0.7256501554964601
2025-03-14,14409.595985457525,-8.177116473333012,22026.0,-0.7256501554964601
2025-03-17,14520.71278611296,-7.469042141843296,22013.4,-0.7824401676657433
2025-03-18,14363.766705924523,-8.469156347380624,22486.4,0.0
2025-03-19,14520.200727123763,-7.47230515719578,22486.4,0.0
2025-03-20,14478.21189000973,-7.7398724160997245,22486.4,0.0
2025-03-21,14439.551436325466,-7.986230075212508,22284.800000000003,-0.8965419097765714
2025-03-24,14698.141225869222,-6.338407322206452,22362.200000000004,-0.5523338551301937
2025-03-25,14733.473296123717,-6.113259262884818,22512.200000000004,0.0
2025-03-26,14557.581033335042,-7.2341050364642,22782.200000000004,0.0
2025-03-27,14518.920579650778,-7.480462695576984,22782.200000000004,0.0
2025-03-28,14226.534896820114,-9.3436444618472,23214.200000000004,0.0
2025-03-31,14322.033898305086,-8.735092098608332,23209.000000000004,-0.022400082707996205
2025-04-01,14362.486558451536,-8.477313885761827,23408.000000000004,0.0
2025-04-02,14453.377029033743,-7.898128660695369,23264.000000000004,-0.6151742993848242
2025-04-03,13741.10297506273,-12.436983016005087,23652.4,0.0
2025-04-04,12936.658303036513,-17.563180134762526,23634.800000000003,-0.07441105342375076
2025-04-07,12913.615648522711,-17.71001582562446,23396.6,-1.081497015102073
2025-04-08,12711.352347790467,-18.998906889856915,23739.6,0.0
2025-04-09,14046.29013262328,-10.4922258659227,23948.0,0.0
2025-04-10,13430.795227610222,-14.414370319612358,23948.0,0.0
2025-04-11,13670.438834553745,-12.88727913464831,23948.0,0.0
2025-04-14,13803.062112755391,-12.042158158354132,23912.4,-0.14865542007682642
2025-04-15,13764.401659071127,-12.288515817466916,24077.4,0.0
2025-04-16,13458.44641302678,-14.238167490578057,24077.4,0.0
2025-04-17,13477.648625121614,-14.11580441485979,24077.4,0.0
2025-04-21,13156.8436683906,-16.160083533193024,24040.800000000003,-0.1520097684965971
2025-04-22,13499.155102667828,-13.978757770055317,24216.800000000003,0.0
2025-04-23,13708.331199754211,-12.645815998564292,24216.800000000003,0.0
2025-04-24,13996.87644016591,-10.807106847437709,24216.800000000003,0.0
2025-04-25,14098.00809053203,-10.162661315321497,24216.800000000003,0.0
2025-04-28,14103.384709918584,-10.12839965412038,24196.2,-0.08506491361369717
2025-04-29,14192.226944544014,-9.562266490463834,24349.2,0.0
2025-04-30,14197.859593425164,-9.52637332158648,24332.600000000002,-0.06817472442626205
2025-05-01,14298.47918480209,-8.88519080482274,24411.600000000002,0.0
2025-05-02,14510.727635823649,-7.532670941216779,24411.600000000002,0.0
2025-05-05,14427.51805007937,-8.062910935995959,24394.0,-0.07209687197889947
2025-05-06,14306.928158123816,-8.831351051506708,24348.4,-0.2588933130151294
2025-05-07,14367.095089354294,-8.447946747589452,24450.4,0.0
2025-05-08,14467.202621742024,-7.810027246178208,24450.4,0.0
2025-05-09,14448.768498130989,-7.927495798867723,24450.4,0.0
2025-05-12,14926.263505555842,-4.884733982673383,24448.800000000003,-0.006543860223140463
2025-05-13,15024.834860975989,-4.25660352731958,24576.800000000003,0.0
2025-05-14,15044.03707307082,-4.134240451601324,24576.800000000003,0.0
2025-05-15,15117.517538020382,-3.6659977485194117,24583.200000000004,0.0
2025-05-16,15213.272568999952,-3.0558138776042854,24653.200000000004,0.0
2025-05-19,15229.914486148806,-2.949765878648458,24658.0,0.0
2025-05-20,15178.70858722925,-3.276067413897188,24861.0,0.0
2025-05-21,14922.935122126071,-4.905943582464555,24818.4,-0.17135272112946964
2025-05-22,14928.82380050182,-4.8684189059109535,24933.800000000003,0.0
2025-05-23,14826.924061651904,-5.517758961055918,25019.2,0.0
2025-05-27,15135.183573147628,-3.553423718858606,25103.2,0.0
2025-05-28,15047.621485995189,-4.111399344133915,25103.2,0.0
2025-05-29,15107.020328741872,-3.7328895632454007,24671.2,-1.7208961407310652
2025-05-30,15090.122382098418,-3.8405690698774864,24665.600000000002,-1.7432040536664584
2025-06-02,15175.12417430488,-3.2989085213646074,24747.600000000002,-1.4165524713980582
2025-06-03,15261.66214347893,-2.747458926794255,24747.600000000002,-1.4165524713980582
2025-06-04,15257.565671565364,-2.7735630496141583,24747.600000000002,-1.4165524713980582
2025-06-05,15183.829177121204,-3.243437260372317,24747.600000000002,-1.4165524713980582
2025-06-06,15339.751139331252,-2.2498490855399456,24747.600000000002,-1.4165524713980582
2025-06-09,15353.576732039532,-2.1617476710227956,24737.000000000004,-1.458778163740071
2025-06-10,15440.626760202778,-1.6070350610999595,24869.000000000004,-0.9329487874055742
2025-06-11,15396.58968713196,-1.8876543814138613,24869.000000000004,-0.9329487874055742
2025-06-12,15457.780736340828,-1.4977240467916375,24864.4,-0.9512731444596634
2025-06-13,15284.960827487328,-2.5989917282560837,24853.4,-0.9950922591542066
2025-06-16,15430.385580418864,-1.6722953681497232,25219.8,0.0
2025-06-17,15298.53039070101,-2.512521821415181,25328.2,0.0
2025-06-18,15296.226125249632,-2.5272053905013525,25425.2,0.0
2025-06-20,15215.320804956733,-3.0427618161943504,25112.600000000002,-1.229488853578331
2025-06-23,15365.610118285627,-2.0850668102393444,25188.000000000004,-0.9329326809621841
2025-06-24,15535.357673203953,-1.003377220889834,25305.000000000004,-0.4727593096612748
2025-06-25,15544.06267602028,-0.9479059598975437,25305.000000000004,-0.4727593096612748
2025-06-26,15665.676685954224,-0.1729398136818272,25305.000000000004,-0.4727593096612748
2025-06-27,15743.509652311946,0.0,25305.000000000004,-0.4727593096612748
2025-06-30,15818.782323723695,0.0,25305.000000000004,-0.4727593096612748
2025-07-01,15813.661733831736,-0.03237031641987187,25445.000000000004,0.0
2025-07-02,15885.349992319118,0.0,25445.000000000004,0.0
2025-07-03,16010.54841517743,0.0,25445.000000000004,0.0
2025-07-07,15891.238670694864,-0.7451946141299293,25420.4,-0.09667911180979427
2025-07-08,15882.533667878542,-0.7995650366200757,25559.8,0.0
2025-07-09,15977.776639868913,-0.20468864937475129,25643.8,0.0
2025-07-10,16022.837830918124,0.0,25642.2,-0.006239324905044086
2025-07-11,15966.511342106613,-0.35153878111917614,25572.6,-0.27764995827451733
2025-07-14,15996.978851963746,-0.16138825860473327,25650.4,0.0
2025-07-15,15928.61897690614,-0.5880285065993585,25853.4,0.0
2025-07-16,15981.87311178248,-0.2556645680866776,25519.800000000003,-1.2903525261667603
2025-07-17,16079.676378718828,0.0,25593.800000000003,-1.0041232487796536
2025-07-18,16067.899021967332,-0.07324374243677934,25678.800000000003,-0.675346376105268
2025-07-21,16098.366531824468,0.0,25663.2,-0.7356866021490438
2025-07-22,16100.670797275849,0.0,25295.2,-2.1590970626687467
2025-07-23,16237.64657688566,0.0,25295.2,-2.1590970626687467
2025-07-24,16243.02319627221,0.0,25295.2,-2.1590970626687467
2025-07-25,16311.639100824415,0.0,25295.2,-2.1590970626687467
2025-07-28,16307.542628910853,-0.0251137968921622,25276.600000000002,-2.2310411783363127
2025-07-29,16264.529673818424,-0.2888086642599319,25412.600000000002,-1.7049981820572935
2025-07-30,16244.047314250603,-0.414377648720754,25552.600000000002,-1.1634833329465355
2025-07-31,16183.112294536331,-0.7879453774917611,25552.600000000002,-1.1634833329465355
2025-08-01,15917.865738133034,-2.4140637262596076,25958.0,0.0
2025-08-04,16159.813610527934,-0.9307800973159641,26042.0,0.0
2025-08-05,16077.884172256649,-1.4330560351592858,26042.0,0.0
2025-08-06,16201.034359158177,-0.6780725160885126,26042.0,0.0
2025-08-07,16187.464795944494,-0.7612619682938249,26287.0,0.0
2025-08-08,16313.687336781197,0.0,26287.0,0.0
2025-08-11,16281.427620461878,-0.19774631972125922,26260.399999999998,-0.10119070262868401
2025-08-12,16454.759588304576,0.0,26290.399999999998,0.0
2025-08-13,16511.086077116084,0.0,26293.399999999998,0.0
2025-08-14,16512.62225408367,0.0,26285.8,-0.02890459202689044
2025-08-15,16473.961800399407,-0.23412667648654573,26374.8,0.0
2025-08-18,16470.377387475037,-0.2558337855647852,26368.6,-0.02350728725905027
2025-08-19,16381.023093860413,-0.7969610047290576,26046.6,-1.2443696255516667
2025-08-20,16337.498079778792,-1.0605473292503276,26226.6,-0.5618999954502102
2025-08-21,16271.95452916176,-1.4574773238235528,26789.6,0.0
2025-08-22,16521.83931588919,0.0,26781.0,-0.032102009735113235
2025-08-25,16449.126939423422,-0.4400985572825311,26862.0,0.0
2025-08-26,16517.998873470224,-0.023244642109987446,26866.399999999998,0.0
2025-08-27,16555.6352091761,0.0,26934.399999999998,0.0
2025-08-28,16614.26596343899,0.0,26934.399999999998,0.0
2025-08-29,16515.182549029647,-0.5963755162423867,27402.399999999998,0.0
2025-09-02,16392.80045061191,-1.3329840350120303,27406.8,0.0
2025-09-03,16481.64268523734,-0.7982493990014161,27475.8,0.0
2025-09-04,16619.386553330944,0.0,27475.8,0.0
2025-09-05,16571.253008346564,-0.289622874044837,27745.8,0.0
2025-09-08,16611.961697987612,-0.04467586886860442,27726.199999999997,-0.07064132229023246
2025-09-09,16650.366122177278,0.0,27677.199999999997,-0.24724462801577474
2025-09-10,16698.49966716166,0.0,27677.199999999997,-0.24724462801577474
2025-09-11,16837.267653233655,0.0,27677.199999999997,-0.24724462801577474
2025-09-12,16831.6350043525,-0.033453461672994234,27665.6,-0.28905275753448034
2025-09-15,16921.245327461726,0.0,27747.6,0.0
2025-09-16,16897.946643453328,-0.13768894403171084,27747.6,0.0
2025-09-17,16876.952224896308,-0.2617603001921709,27405.0,-1.2347013795787731
2025-09-18,16955.809309232423,0.0,27481.0,-0.9608038172670752
2025-09-19,16992.677556454506,0.0,27479.399999999994,-0.9665700817368172
2025-09-22,17073.07081775821,0.0,27550.399999999994,-0.7106920958929952
2025-09-23,16980.132111219216,-0.5443584667986334,27550.399999999994,-0.7106920958929952
2025-09-24,16926.109887859082,-0.8607761981884843,27347.799999999996,-1.4408453343712768
2025-09-25,16848.02089200676,-1.3181572791074458,27281.199999999997,-1.680866092923361
2025-09-26,16944.544011470123,-0.7528042708895732,27363.199999999997,-1.3853450388502164
2025-09-29,16992.165497465307,-0.47387679203410027,27314.599999999995,-1.5604953221179607
2025-09-30,17056.17287111475,-0.09897426669068787,27465.999999999996,-1.014862546670714
2025-10-01,17114.29156638845,0.0,27539.399999999994,-0.7503351641223177
2025-10-02,17134.00583747248,0.0,27691.399999999994,-0.20254003949892185
2025-10-03,17133.74980797788,-0.0014942769194004057,27691.399999999994,-0.20254003949892185
2025-10-06,17195.196886681348,0.0,27671.199999999997,-0.27533912842913066
2025-10-07,17131.4455425265,-0.370750882208426,27881.199999999997,0.0
2025-10-08,17233.601310871014,0.0,27881.199999999997,0.0
2025-10-09,17183.675559424446,-0.28970004902616475,28061.199999999997,0.0
2025-10-10,16719.23805622408,-2.984653325607989,29027.199999999997,0.0
2025-10-13,16975.779609811052,-1.4960407659966424,29015.599999999995,-0.039962517914238216
2025-10-14,16955.041220748633,-1.6163777094382659,29149.599999999995,0.0
2025-10-15,17030.31389216038,-1.1795991739834477,29149.599999999995,0.0
2025-10-16,16914.332531107586,-1.8525946724903708,29149.599999999995,0.0
2025-10-17,17010.34359158175,-1.2954791935939292,29317.999999999993,0.0
2025-10-20,17187.259972348817,-0.26890107114735384,29379.399999999994,0.0
2025-10-21,17187.00394285422,-0.2703867124244197,29497.799999999996,0.0
2025-10-22,17097.649649239593,-0.7888755181174045,30250.799999999996,0.0
2025-10-23,17199.037329100312,-0.20056157240273542,30250.799999999996,0.0
2025-10-24,17339.597521634492,0.0,30250.799999999996,0.0
2025-10-27,17544.165087818117,0.0,30232.199999999993,-0.06148597723035776
2025-10-28,17590.762455834913,0.0,30374.199999999993,0.0
2025-10-29,17599.21142915664,0.0,30374.199999999993,0.0
2025-10-30,17405.65313124072,-1.0998123336097398,30374.199999999993,0.0
2025-10-31,17462.747708536022,-0.7753967907592529,30374.199999999993,0.0
2025-11-03,17495.519483844542,-0.5891851787194868,29870.199999999993,-1.6593029610656451
2025-11-04,17288.13559322034,-1.767555536158505,29853.599999999995,-1.7139546062118427
2025-11-05,17348.046494956223,-1.42713743289834,29933.999999999993,-1.4492562767085215
2025-11-06,17161.913052383636,-2.4847611981553386,30387.999999999993,0.0
2025-11-07,17178.81099902709,-2.388745835697337,31035.39999999999,0.0
2025-11-10,17446.873879870964,-0.8655930403409839,31075.799999999992,0.0
2025-11-11,17486.814481028217,-0.6386476381675443,31219.799999999992,0.0
2025-11-12,17496.54360182293,-0.5833660658432605,31219.799999999992,0.0
2025-11-13,17206.20615494905,-2.2330845662578813,32059.799999999992,0.0
2025-11-14,17203.389830508473,-2.2490871266675483,32049.199999999993,-0.033063213120476664
2025-11-17,17043.115366890266,-3.15977829179942,31353.599999999995,-2.20275859487582
2025-11-18,16899.99487941011,-3.972999316254222,32605.999999999993,0.0
2025-11-19,16965.282400532542,-3.602030870393813,32682.999999999993,0.0
2025-11-20,16706.692610988786,-5.071356871644916,32682.999999999993,0.0
2025-11-21,16873.111782477343,-4.125751029255587,33054.399999999994,0.0
2025-11-24,17121.460392237186,-2.7146161567669025,33131.79999999999,0.0
2025-11-25,17282.50294433919,-1.7995606569778277,33252.79999999999,0.0
2025-11-26,17401.812688821752,-1.1216340068956554,33252.79999999999,0.0
2025-11-28,17496.799631317528,-0.5819112876242039,33252.79999999999,0.0
2025-12-01,17416.91842900302,-1.035802091971083,33239.19999999999,-0.04089881152864461
2025-12-02,17449.17814532234,-0.8525000363694635,33330.19999999999,0.0
2025-12-03,17509.60110604742,-0.5091723766711631,33330.19999999999,0.0
2025-12-04,17522.402580777307,-0.43643346571814456,33631.19999999999,0.0
2025-12-05,17555.68641507502,-0.24731229724027637,33631.19999999999,0.0
2025-12-08,17502.944339187874,-0.5469966103667567,34199.59999999999,0.0
2025-12-09,17487.838599006605,-0.632828525291329,34356.59999999999,0.0
2025-12-10,17603.8199600594,0.0,34538.99999999999,0.0
2025-12-11,17644.784679195043,0.0,34610.39999999999,0.0
2025-12-12,17455.066823698093,-1.0752064077078072,35061.39999999999,0.0
2025-12-15,17428.69578575452,-1.2246615493999968,35874.79999999999,0.0
2025-12-16,17381.074299759333,-1.4945514169217966,36610.19999999999,0.0
2025-12-17,17189.820267294792,-2.5784639493883987,37250.19999999999,0.0
2025-12-18,17319.627221055867,-1.8427964072725067,37250.19999999999,0.0
2025-12-19,17425.111372830153,-1.2449758405037703,37254.59999999999,0.0
2025-12-22,17533.66787853961,-0.6297430242175217,37300.999999999985,0.0
2025-12-23,17613.805110348716,-0.1755735159684635,37449.999999999985,0.0
2025-12-24,17675.764248041374,0.0,37449.999999999985,0.0
2025-12-26,17673.97204157919,-0.010139343549930846,37449.999999999985,0.0
2025-12-29,17610.98878590814,-0.36646484544742286,37412.79999999999,-0.09933244325767143
2025-12-30,17589.482308361923,-0.4881369680465819,37630.79999999999,0.0
2025-12-31,17459.163295611655,-1.2254120918914202,37843.19999999998,0.0
2026-01-02,17491.166982436378,-1.0443523856426773,36951.19999999998,-2.357094537459836
2026-01-05,17607.660402478366,-0.38529505489729443,36951.19999999998,-2.357094537459836
2026-01-06,17712.376465768855,0.0,36952.59999999999,-2.3533950617283694
2026-01-07,17655.281888473553,-0.3223428397970407,37025.59999999999,-2.16049382716047
2026-01-08,17653.489682011368,-0.3324612249027803,36955.999999999985,-2.344410620666326
2026-01-09,17770.239131547958,0.0,37039.999999999985,-2.1224420767799734
2026-01-12,17798.146346459114,0.0,37024.79999999999,-2.1626078132927273
2026-01-13,17762.55824671002,-0.19995396743196503,37230.79999999999,-1.6182563842381037
2026-01-14,17675.252189052182,-0.6904885206283407,38092.19999999998,0.0
2026-01-15,17723.38573403656,-0.420047183382255,38159.19999999998,0.0
2026-01-16,17708.53602334989,-0.5034812129581789,37079.19999999998,-2.8302480135851904
2026-01-20,17348.046494956223,-2.5289142068013026,37009.999999999985,-3.0115935344556477
2026-01-21,17548.261559731684,-1.4039933252776304,37259.39999999998,-2.358015891318488
2026-01-22,17639.920118797687,-0.8890039703089991,37338.39999999998,-2.1509884903247567
2026-01-23,17646.32085616263,-0.85304102652628,37326.79999999999,-2.181387450470651
2026-01-26,17735.931179271854,-0.34955981356810106,37384.599999999984,-2.0299167697436005
2026-01-27,17806.59531978084,0.0,37605.599999999984,-1.4507641669636695
2026-01-28,17804.803113318656,-0.010064846367319191,38001.599999999984,-0.4130065619824319
2026-01-29,17769.47104306416,-0.2084861033228469,39321.599999999984,0.0
2026-01-30,17716.47293768242,-0.5061179887561384,39321.599999999984,0.0
2026-02-02,17804.547083824058,-0.011502681562647332,39321.599999999984,0.0
2026-02-03,17654.001741000564,-0.8569497764166378,39897.599999999984,0.0
2026-02-04,17568.48788980491,-1.3371867316568031,39897.599999999984,0.0
2026-02-05,17349.07061293461,-2.569411494054563,40956.999999999985,0.0
2026-02-06,17681.908955911724,-0.7002257401256706,41047.39999999998,0.0
2026-02-09,17767.166777612783,-0.22142662008081127,41083.79999999998,0.0
2026-02-10,17720.31338010139,-0.484550460826183,41214.79999999998,0.0
2026-02-11,17716.216908187827,-0.5075558239514444,41214.79999999998,0.0
2026-02-12,17442.5213784628,-2.0446016477591478,42194.79999999998,0.0
2026-02-13,17454.810794203495,-1.975585558383297,42194.79999999998,0.0
2026-02-17,17482.97403860925,-1.8174236868970128,42102.599999999984,-0.2185103377667308
2026-02-18,17571.048184750885,-1.3228083797035217,42300.599999999984,0.0
2026-02-19,17524.706846228688,-1.5830565500582372,42300.599999999984,0.0
2026-02-20,17651.441446054585,-0.8713281283699414,42300.599999999984,0.0
2026-02-23,17471.19668185775,-1.8835641058821961,43308.599999999984,0.0
2026-02-24,17598.18731117825,-1.170397848998539,43308.599999999984,0.0
2026-02-25,17746.68441804496,-0.336453435707218,43308.599999999984,0.0
2026-02-26,17648.113062624816,-0.8900199859092184,43944.599999999984,0.0
2026-02-27,17563.367299912952,-1.3659434355634215,43623.999999999985,-0.7295549396285295
2026-03-02,17573.352450202263,-1.3098678629455685,43621.39999999998,-0.7354714799998274
2026-03-03,17418.45460597061,-2.1797581561201373,44381.79999999998,0.0
2026-03-04,17541.348763377544,-1.489597262361786,44451.79999999998,0.0
2026-03-05,17443.54549644119,-2.038850306977824,45075.79999999998,0.0
2026-03-06,17214.911157765375,-3.3228371364074416,44415.19999999998,-1.4655313937855796
2026-03-09,17365.712530083467,-2.475952206358112,44156.999999999985,-2.0383443000456913
2026-03-10,17337.805315172307,-2.63267624264909,44353.999999999985,-1.6013026945722486
2026-03-11,17316.0428081315,-2.7548922342521043,44353.999999999985,-1.6013026945722486
2026-03-12,17053.10051717958,-4.231548979855937,44857.39999999998,-0.4845171910426438
2026-03-13,16956.577397716217,-4.773612848495312,45628.799999999974,0.0
2026-03-16,17129.14127707512,-3.8045119268429572,45703.199999999975,0.0
2026-03-17,17174.202468124327,-3.5514529324648936,45852.199999999975,0.0
2026-03-18,16934.55886118081,-4.897266675293688,45852.199999999975,0.0
2026-03-19,16892.82605356137,-5.131633812132463,45850.59999999998,-0.003489472697049134
2026-03-20,16605.30493112807,-6.746322736487931,47133.99999999998,0.0
2026-03-23,16779.661016949154,-5.767156968468279,47182.39999999998,0.0
2026-03-24,16723.334528137642,-6.083480711440858,47347.39999999998,0.0
2026-03-25,16816.529264171237,-5.56010870034076,47347.39999999998,0.0
2026-03-26,16516.206667008042,-7.246689384462746,47312.799999999974,-0.07307687433735222
2026-03-27,16234.574222950489,-8.828308099325643,47432.799999999974,0.0
2026-03-30,16180.295970095756,-9.133129160735598,47432.799999999974,0.0
2026-03-31,16650.622151671876,-6.4918259069145385,47432.799999999974,0.0
2026-04-01,16776.076604024784,-5.787286661202906,47432.799999999974,0.0
2026-04-02,16791.182344206056,-5.702454384678424,47422.199999999975,-0.022347405171097012
2026-04-06,16870.551487531364,-5.256725474126167,47520.199999999975,0.0
2026-04-07,16877.976342874703,-5.215028253461584,47520.199999999975,0.0
2026-04-08,17307.849864304368,-2.8009029605026825,47520.199999999975,0.0
2026-04-09,17407.7013671975,-2.240147234324019,47520.199999999975,0.0
2026-04-10,17396.180039940602,-2.304849818113852,47520.199999999975,0.0
2026-04-13,17566.18362435353,-1.3501272484147786,47504.99999999998,-0.031986397363636954
2026-04-14,17780.22428183727,-0.14809702511898726,47700.99999999998,0.0
2026-04-15,17920.528444876854,0.0,47700.99999999998,0.0
2026-04-16,17964.565517947667,0.0,47700.99999999998,0.0
2026-04-17,18181.678529366585,0.0,47700.99999999998,0.0
2026-04-20,18145.322341133706,-0.1999605711549557,47679.39999999998,-0.0452820695582834
2026-04-21,18026.524655640333,-0.8533528599994344,48290.39999999998,0.0
2026-04-22,18209.07368528855,0.0,48290.39999999998,0.0
2026-04-23,18138.409544779563,-0.3880710338718507,48266.799999999974,-0.048870997134020655
2026-04-24,18278.969737313742,0.0,48365.799999999974,0.0
2026-04-27,18310.461365149265,0.0,48339.199999999975,-0.05499753958375653
2026-04-28,18221.36310102924,-0.48659759218087073,48491.199999999975,0.0
2026-04-29,18218.546776588664,-0.501978550554405,48348.199999999975,-0.29489886824826117
2026-04-30,18399.81565876389,0.0,48348.199999999975,-0.29489886824826117
2026-05-01,18450.765528188847,0.0,48348.199999999975,-0.29489886824826117
2026-05-04,18383.173741615035,-0.36633594671476866,48307.59999999998,-0.37862540007258527
2026-05-05,18530.646730503355,0.0,48470.59999999998,-0.042481934866533955
2026-05-06,18788.21240206872,0.0,48470.59999999998,-0.042481934866533955
2026-05-07,18730.60576578422,-0.30661052287312973,48470.59999999998,-0.042481934866533955
2026-05-08,18885.24758052128,0.0,48470.59999999998,-0.042481934866533955
2026-05-11,18928.260535613703,0.0,49358.99999999998,0.0
2026-05-12,18899.585232218753,-0.15149465710806442,49343.99999999998,-0.030389594602808767
2026-05-13,19005.325413487633,0.0,49366.99999999998,0.0
2026-05-14,19155.35869732193,0.0,49372.99999999998,0.0
2026-05-15,18924.932152183937,-1.2029351617947492,49414.39999999998,0.0
2026-05-18,18911.618618464847,-1.2724380822540349,49374.799999999974,-0.0801385830851098
2026-05-19,18785.652107122743,-1.930042637368501,49331.799999999974,-0.16715775158658852
2026-05-20,18978.18628706027,-0.9249234799577621,49420.799999999974,0.0
2026-05-21,19015.822622766143,-0.7284440701979422,49448.799999999974,0.0
2026-05-22,19090.583235188697,-0.338158439926739,49471.799999999974,0.0
2026-05-26,19217.317835014597,0.0,49491.199999999975,0.0
2026-05-27,19213.989451584825,-0.01731970849598863,48864.199999999975,-1.266891891891897
2026-05-28,19319.985662348303,0.0,48908.59999999997,-1.1771789732316185
2026-05-29,19368.11920733269,0.0,48943.59999999997,-1.10645933014355
2026-06-01,19420.861283219827,0.0,48969.59999999997,-1.0539247381352812
2026-06-02,19447.2323211634,0.0,48981.59999999997,-1.0296780033622221
2026-06-03,19310.768600542782,-0.7017128111958204,49727.59999999997,0.0
2026-06-04,19383.73700650315,-0.32650052003107,49751.99999999997,0.0
2026-06-05,18883.455374059093,-2.8990086496307077,50138.99999999997,0.0
2026-06-08,18926.212299656923,-2.6791474123517123,50526.39999999997,0.0
2026-06-09,18870.6538993292,-2.9648353673789263,52419.39999999997,0.0
2026-06-10,18573.147626606584,-4.494648287847081,52314.39999999997,-0.20030751973505456
2026-06-11,18888.831993445645,-2.8713614281764777,52623.39999999997,0.0
2026-06-12,18990.98776179016,-2.3460642205458404,52963.39999999997,0.0
2026-06-15,19325.874340724054,-0.6240372842529207,53236.799999999974,0.0
2026-06-16,19210.661068155056,-1.2164777439867103,53272.799999999974,0.0
2026-06-17,18970.761431716935,-2.450070434587992,52932.799999999974,-0.6382243846766111
2026-06-18,19118.74647959445,-1.6891135774187993,53331.799999999974,0.0
2026-06-22,19058.579548363978,-1.99849915083532,53945.59999999998,0.0
2026-06-23,18781.811664703775,-3.421672788551422,53331.59999999998,-1.1381836516787258
2026-06-24,18773.10666188745,-3.46643495662019,51802.59999999998,-3.9725204650611023
2026-06-25,18800.245788314813,-3.3268823149940174,55908.59999999998,0.0
2026-06-26,18664.294126683395,-4.025962057479893,54478.99999999997,-2.5570305820571515
2026-06-29,18971.785549695327,-2.444804297168135,54677.399999999965,-2.2021656775523146
2026-06-30,19119.514568078244,-1.6851639743539093,54930.399999999965,-1.7496413789649723
2026-07-01,19093.655589123868,-1.8181339442052802,54957.399999999965,-1.701348272001113
2026-07-02,19068.564698653285,-1.94715431099175,55333.399999999965,-1.0288220416894922
2026-07-06,19234.98387014184,-1.0914069802651527,55574.399999999965,-0.597761346197212
2026-07-07,19143.581340570436,-1.5614097449872966,56593.399999999965,0.0
2026-07-08,19084.438527318347,-1.8655291809839825,57521.79999999997,0.0
2026-07-09,19245.993138409547,-1.0347960030016923,57652.79999999997,0.0
2026-07-10,19328.94669465923,-0.6082388719933496,57797.79999999997,0.0
2026-07-13,19180.96164678171,-1.3691957291625534,57558.79999999997,-0.4135105488444202
2026-07-14,19249.06549234472,-1.0189975907421323,57732.79999999997,-0.11246102792840107
2026-07-15,19325.362281734855,-0.6266703529628659,57285.79999999997,-0.8858468661436913
2026-07-16,19220.646218444366,-1.165132904143129,57173.79999999997,-1.0796258681126325
2026-07-17,19030.416303958216,-2.143317929881383,56988.79999999997,-1.3997072552934586
2026-07-20,18999.692764606483,-2.301302052477061,56523.79999999997,-2.20423614739661
2026-07-21,19158.17502176251,-1.486367286754342,57050.79999999997,-1.2924367363463696
2026-07-22,19135.900455732502,-1.6009057756362077,57214.79999999997,-1.0086889120347164
2026-07-23,18899.585232218753,-2.8160669852679843,56410.19999999997,-2.40078342082225
2026-07-24,18918.787444313584,-2.7173269086456897,56332.19999999997,-2.535736654336318
2026-07-27,18922.88391622715,-2.6962623589662615,56159.19999999997,-2.835056005591907
2026-07-28,18968.201136770957,-2.463235778137629,55769.19999999997,-3.5098221731623025
2026-07-29,18676.327512929493,-3.964084942796575,56398.19999999997,-2.421545456747487
2026-07-30,18989.451584822575,-2.3539634266756093,57834.19999999997,0.0
2026-07-31,19126.171334937782,-1.6509340811248663,58271.19999999997,0.0
2026-08-03,19398.58671718982,-0.25014152744315954,58410.19999999997,0.0
2026-08-04,19748.323006810388,0.0,58487.19999999997,0.0
2026-08-05,19708.89446464233,-0.19965514111988103,59393.19999999997,0.0
2026-08-06,19677.4028368068,-0.35911996162474313,59402.19999999997,0.0
2026-08-07,19797.736699267756,0.0,59431.19999999997,0.0
2026-08-10,19791.84802089201,-0.02974419988102106,59428.19999999997,-0.005047853652628831
2026-08-11,19728.608735726357,-0.34917104208157523,60184.19999999997,0.0
2026-08-12,19778.02242818373,-0.09957840829732945,60184.19999999997,0.0
2026-08-13,19916.02232577193,0.0,60184.19999999997,0.0
2026-08-14,19876.593783603872,-0.19797398056256021,60184.19999999997,0.0
2026-08-17,19782.630959086488,-0.669769116059038,60184.19999999997,0.0
2026-08-18,19648.98356290645,-1.340823777446376,60184.19999999997,0.0
2026-08-19,19690.20431153669,-1.1338509795855378,60184.19999999997,0.0
2026-08-20,19529.417788929284,-1.9411734457757013,59762.59999999997,-0.7005160822940226
2026-08-21,19600.33795893287,-1.5850773898287707,59777.59999999997,-0.6755925973926713
2026-08-24,19546.31573557274,-1.8563274541060215,59772.59999999997,-0.683900425693118
2026-08-25,19605.714578319425,-1.55808093793387,59471.899999999965,-1.1835332196822423
