date,setup,regime,risk_mult,per_spread_pnl,risk,period,qty,sized_pnl,equity
2023-01-11,Not recorded,R4,1.0,18.000000000000004,262.0,Frozen historical,5.0,90.00000000000001,10090.0
2023-01-18,Not recorded,R1,1.0,18.000000000000004,273.0,Frozen historical,5.0,90.00000000000001,10180.0
2023-01-19,Not recorded,R5,0.5,15.0,273.0,Frozen historical,2.0,30.0,10210.0
2023-01-25,Not recorded,R5,0.5,19.0,261.0,Frozen historical,2.0,38.0,10248.0
2023-01-26,Not recorded,R4,1.0,30.0,240.0,Frozen historical,6.0,180.0,10428.0
2023-02-03,Not recorded,R5,1.0,30.0,250.99999999999997,Frozen historical,5.0,150.0,10578.0
2023-02-07,Not recorded,R1,1.0,35.0,224.00000000000003,Frozen historical,6.0,210.0,10788.0
2023-02-09,Not recorded,R4,1.0,37.0,260.0,Frozen historical,5.0,185.0,10973.0
2023-02-15,Not recorded,R1,1.0,26.000000000000007,244.0,Frozen historical,6.0,156.00000000000006,11129.0
2023-02-17,Not recorded,R5,0.5,5.0,273.0,Frozen historical,2.0,10.0,11139.0
2023-02-21,Not recorded,R5,1.0,-19.0,282.0,Frozen historical,5.0,-95.0,11044.0
2023-02-23,Not recorded,R4,1.0,-44.0,262.0,Frozen historical,5.0,-220.0,10824.0
2023-02-24,Not recorded,R5,0.5,16.0,257.0,Frozen historical,2.0,32.0,10856.0
2023-02-27,Not recorded,R4,1.0,-48.99999999999999,256.0,Frozen historical,5.0,-244.99999999999997,10611.0
2023-03-03,Not recorded,R4,1.0,21.999999999999996,252.0,Frozen historical,5.0,110.0,10721.0
2023-03-06,Not recorded,R4,1.0,16.000000000000004,266.0,Frozen historical,5.0,80.00000000000001,10801.0
2023-03-07,Not recorded,R1,1.0,29.999999999999993,253.00000000000003,Frozen historical,5.0,149.99999999999997,10951.0
2023-03-08,Not recorded,R1,1.0,18.0,262.0,Frozen historical,5.0,90.0,11041.0
2023-03-09,Not recorded,R4,1.0,-33.0,268.0,Frozen historical,5.0,-165.0,10876.0
2023-03-10,Not recorded,R5,0.5,8.0,237.0,Frozen historical,3.0,24.0,10900.0
2023-03-17,Not recorded,R1,1.0,38.0,238.0,Frozen historical,6.0,228.0,11128.0
2023-03-22,Not recorded,R1,1.0,55.00000000000001,195.0,Frozen historical,7.0,385.00000000000006,11513.0
2023-03-24,Not recorded,R5,0.5,-14.0,193.0,Frozen historical,3.0,-42.0,11471.0
2023-03-24,Not recorded,R5,1.0,16.99999999999999,281.0,Frozen historical,5.0,84.99999999999994,11556.0
2023-03-27,Not recorded,R4,1.0,23.0,249.00000000000003,Frozen historical,6.0,138.0,11694.0
2023-03-29,Not recorded,R4,1.0,21.999999999999996,252.0,Frozen historical,5.0,110.0,11804.0
2023-03-31,Not recorded,R4,1.0,15.000000000000002,267.0,Frozen historical,5.0,75.00000000000001,11879.0
2023-04-04,Not recorded,R4,1.0,-43.999999999999986,266.0,Frozen historical,5.0,-219.99999999999991,11659.0
2023-04-11,Not recorded,R4,1.0,10.999999999999998,276.0,Frozen historical,5.0,54.99999999999999,11714.0
2023-04-14,Not recorded,R4,1.0,28.0,269.0,Frozen historical,5.0,140.0,11854.0
2023-04-17,Not recorded,R1,1.0,14.999999999999996,271.0,Frozen historical,5.0,74.99999999999999,11929.0
2023-04-18,Not recorded,R4,1.0,-45.99999999999999,266.0,Frozen historical,5.0,-229.99999999999997,11699.0
2023-04-19,Not recorded,R5,0.5,-9.0,266.0,Frozen historical,2.0,-18.0,11681.0
2023-04-25,Not recorded,R5,0.5,14.0,269.0,Frozen historical,2.0,28.0,11709.0
2023-04-26,Not recorded,R5,0.5,-20.0,273.0,Frozen historical,2.0,-40.0,11669.0
2023-05-04,Not recorded,R5,0.5,21.0,256.0,Frozen historical,2.0,42.0,11711.0
2023-05-04,Not recorded,R5,1.0,8.99999999999999,279.0,Frozen historical,5.0,44.99999999999994,11756.0
2023-05-11,Not recorded,R4,1.0,18.0,280.0,Frozen historical,5.0,90.0,11846.0
2023-05-12,Not recorded,R4,1.0,29.0,268.0,Frozen historical,5.0,145.0,11991.0
2023-05-18,Not recorded,R4,1.0,10.0,278.0,Frozen historical,5.0,50.0,12041.0
2023-05-19,Not recorded,R4,1.0,34.0,263.0,Frozen historical,5.0,170.0,12211.0
2023-05-24,Not recorded,R5,0.5,13.0,271.0,Frozen historical,2.0,26.0,12237.0
2023-05-30,Not recorded,R4,1.0,-20.0,281.0,Frozen historical,5.0,-100.0,12137.0
2023-05-31,Not recorded,R5,0.5,16.0,268.0,Frozen historical,2.0,32.0,12169.0
2023-06-01,Not recorded,R4,1.0,-32.0,274.0,Frozen historical,5.0,-160.0,12009.0
2023-06-02,Not recorded,R4,1.0,16.000000000000004,266.0,Frozen historical,5.0,80.00000000000001,12089.0
2023-06-09,Not recorded,R4,1.0,-24.000000000000004,276.0,Frozen historical,5.0,-120.0,11969.0
2023-06-12,Not recorded,R1,1.0,9.000000000000002,281.0,Frozen historical,5.0,45.00000000000001,12014.0
2023-06-14,Not recorded,R4,1.0,-71.99999999999999,231.99999999999997,Frozen historical,6.0,-431.9999999999999,11582.0
2023-06-16,Not recorded,R1,1.0,10.0,279.0,Frozen historical,5.0,50.0,11632.0
2023-06-26,Not recorded,R5,1.0,23.0,264.0,Frozen historical,5.0,115.0,11747.0
2023-06-27,Not recorded,R1,1.0,10.999999999999998,276.0,Frozen historical,5.0,54.99999999999999,11802.0
2023-06-29,Not recorded,R4,1.0,9.0,282.0,Frozen historical,5.0,45.0,11847.0
2023-07-13,Not recorded,R4,1.0,10.999999999999998,276.0,Frozen historical,5.0,54.99999999999999,11902.0
2023-07-14,Not recorded,R4,1.0,-19.0,281.0,Frozen historical,5.0,-95.0,11807.0
2023-07-19,Not recorded,R4,1.0,13.999999999999998,270.0,Frozen historical,5.0,69.99999999999999,11877.0
2023-07-21,Not recorded,R1,1.0,10.0,278.0,Frozen historical,5.0,50.0,11927.0
2023-08-04,Not recorded,R4,1.0,9.0,280.0,Frozen historical,5.0,45.0,11972.0
2023-08-07,Not recorded,R1,1.0,12.0,277.0,Frozen historical,5.0,60.0,12032.0
2023-08-08,Not recorded,R5,0.5,8.0,264.0,Frozen historical,2.0,16.0,12048.0
2023-08-09,Not recorded,R4,1.0,20.0,278.0,Frozen historical,5.0,100.0,12148.0
2023-08-14,Not recorded,R4,1.0,10.999999999999998,276.0,Frozen historical,5.0,54.99999999999999,12203.0
2023-08-15,Not recorded,R1,1.0,32.00000000000001,248.0,Frozen historical,6.0,192.00000000000009,12395.0
2023-08-17,Not recorded,R1,1.0,-45.0,254.99999999999997,Frozen historical,5.0,-225.0,12170.0
2023-08-21,Not recorded,R4,1.0,-30.0,272.0,Frozen historical,5.0,-150.0,12020.0
2023-08-22,Not recorded,R4,1.0,21.0,277.0,Frozen historical,5.0,105.0,12125.0
2023-08-28,Not recorded,R4,1.0,19.0,263.0,Frozen historical,5.0,95.0,12220.0
2023-08-30,Not recorded,R4,1.0,18.999999999999996,265.0,Frozen historical,5.0,95.0,12315.0
2023-08-31,Not recorded,R4,1.0,-24.0,278.0,Frozen historical,5.0,-120.0,12195.0
2023-09-05,Not recorded,R5,0.5,1.0,268.0,Frozen historical,2.0,2.0,12197.0
2023-09-15,Not recorded,R5,0.5,13.0,272.0,Frozen historical,2.0,26.0,12223.0
2023-09-18,Not recorded,R5,0.5,-7.0,262.0,Frozen historical,2.0,-14.0,12209.0
2023-10-05,Not recorded,R4,1.0,-61.0,246.0,Frozen historical,6.0,-366.0,11843.0
2023-10-09,Not recorded,R1,1.0,20.0,256.0,Frozen historical,5.0,100.0,11943.0
2023-10-13,Not recorded,R1,1.0,27.0,257.0,Frozen historical,5.0,135.0,12078.0
2023-10-19,Not recorded,R5,0.5,-12.0,222.0,Frozen historical,3.0,-36.0,12042.0
2023-10-19,Not recorded,R5,1.0,10.99999999999999,277.0,Frozen historical,5.0,54.99999999999994,12097.0
2023-10-20,Not recorded,R5,0.5,25.0,245.0,Frozen historical,3.0,75.0,12172.0
2023-10-20,Not recorded,R5,1.0,13.00000000000002,278.0,Frozen historical,5.0,65.0000000000001,12237.0
2023-10-26,Not recorded,R5,0.5,27.0,241.0,Frozen historical,3.0,81.0,12318.0
2023-10-26,Not recorded,R5,1.0,13.99999999999999,281.0,Frozen historical,5.0,69.99999999999994,12388.0
2023-10-30,Not recorded,R1,1.0,19.0,260.0,Frozen historical,5.0,95.0,12483.0
2023-11-01,Not recorded,R4,1.0,29.000000000000004,237.0,Frozen historical,6.0,174.00000000000003,12657.0
2023-11-02,Not recorded,R4,1.0,26.999999999999996,243.00000000000003,Frozen historical,6.0,161.99999999999997,12819.0
2023-11-03,Not recorded,R4,1.0,13.999999999999996,271.0,Frozen historical,5.0,69.99999999999999,12889.0
2023-11-06,Not recorded,R1,1.0,18.000000000000004,261.0,Frozen historical,5.0,90.00000000000001,12979.0
2023-11-09,Not recorded,R4,1.0,-21.0,279.0,Frozen historical,5.0,-105.0,12874.0
2023-11-15,Not recorded,R4,1.0,-31.00000000000001,270.0,Frozen historical,5.0,-155.00000000000006,12719.0
2023-11-17,Not recorded,R4,1.0,28.0,269.0,Frozen historical,5.0,140.0,12859.0
2023-11-22,Not recorded,R4,1.0,-27.0,278.0,Frozen historical,5.0,-135.0,12724.0
2023-12-01,Not recorded,R4,1.0,17.0,263.0,Frozen historical,5.0,85.0,12809.0
2023-12-06,Not recorded,R4,1.0,17.0,281.0,Frozen historical,5.0,85.0,12894.0
2023-12-08,Not recorded,R5,1.0,-30.0,270.0,Frozen historical,5.0,-150.0,12744.0
2023-12-19,Not recorded,R4,1.0,9.000000000000002,280.0,Frozen historical,5.0,45.00000000000001,12789.0
2023-12-22,Not recorded,R4,1.0,15.999999999999998,265.0,Frozen historical,5.0,79.99999999999999,12869.0
2023-12-27,Not recorded,R1,1.0,13.0,275.0,Frozen historical,5.0,65.0,12934.0
2023-12-29,Not recorded,R4,1.0,21.0,266.0,Frozen historical,5.0,105.0,13039.0
2024-01-03,Not recorded,R5,0.5,14.0,271.0,Frozen historical,2.0,28.0,13067.0
2024-01-10,Not recorded,R4,1.0,13.0,272.0,Frozen historical,5.0,65.0,13132.0
2024-01-16,Not recorded,R5,0.5,-27.0,278.0,Frozen historical,2.0,-54.0,13078.0
2024-01-22,Not recorded,R4,1.0,-31.000000000000007,275.0,Frozen historical,5.0,-155.00000000000003,12923.0
2024-01-23,Not recorded,R1,1.0,10.0,278.0,Frozen historical,5.0,50.0,12973.0
2024-01-24,Not recorded,R4,1.0,-31.999999999999996,275.0,Frozen historical,5.0,-159.99999999999997,12813.0
2024-01-25,Not recorded,R1,1.0,-20.0,282.0,Frozen historical,5.0,-100.0,12713.0
2024-01-26,Not recorded,R4,1.0,-24.000000000000004,278.0,Frozen historical,5.0,-120.0,12593.0
2024-01-29,Not recorded,R1,1.0,10.0,279.0,Frozen historical,5.0,50.0,12643.0
2024-01-31,Not recorded,R5,0.5,9.0,269.0,Frozen historical,2.0,18.0,12661.0
2024-01-31,Not recorded,R5,1.0,15.999999999999991,279.0,Frozen historical,5.0,79.99999999999996,12741.0
2024-02-01,Not recorded,R1,1.0,21.999999999999996,252.0,Frozen historical,5.0,110.0,12851.0
2024-02-02,Not recorded,R4,1.0,10.999999999999998,276.0,Frozen historical,5.0,54.99999999999999,12906.0
2024-02-05,Not recorded,R1,1.0,-33.0,267.0,Frozen historical,5.0,-165.0,12741.0
2024-02-08,Not recorded,R1,1.0,10.0,278.0,Frozen historical,5.0,50.0,12791.0
2024-02-12,Not recorded,R1,1.0,12.0,274.0,Frozen historical,5.0,60.0,12851.0
2024-02-14,Not recorded,R1,1.0,-47.00000000000001,263.0,Frozen historical,5.0,-235.00000000000003,12616.0
2024-02-15,Not recorded,R4,1.0,13.0,275.0,Frozen historical,5.0,65.0,12681.0
2024-02-16,Not recorded,R4,1.0,-35.0,268.0,Frozen historical,5.0,-175.0,12506.0
2024-02-20,Not recorded,R5,0.5,0.0,277.0,Frozen historical,2.0,0.0,12506.0
2024-02-21,Not recorded,R1,1.0,-7.9999999999999964,234.0,Frozen historical,6.0,-47.99999999999998,12458.0
2024-02-23,Not recorded,R4,1.0,-35.0,265.0,Frozen historical,5.0,-175.0,12283.0
2024-02-27,Not recorded,R5,0.5,1.0,260.0,Frozen historical,2.0,2.0,12285.0
2024-03-01,Not recorded,R4,1.0,17.0,265.0,Frozen historical,5.0,85.0,12370.0
2024-03-06,Not recorded,R1,1.0,14.999999999999996,271.0,Frozen historical,5.0,74.99999999999999,12445.0
2024-03-11,Not recorded,R5,0.5,13.0,272.0,Frozen historical,2.0,26.0,12471.0
2024-03-13,Not recorded,R4,1.0,21.0,275.0,Frozen historical,5.0,105.0,12576.0
2024-03-14,Not recorded,R4,1.0,56.0,227.0,Frozen historical,6.0,336.0,12912.0
2024-03-15,Not recorded,R5,0.5,-13.0,249.0,Frozen historical,3.0,-39.0,12873.0
2024-03-18,Not recorded,R4,1.0,23.000000000000004,249.00000000000003,Frozen historical,6.0,138.00000000000003,13011.0
2024-03-22,Not recorded,R1,1.0,9.000000000000002,280.0,Frozen historical,5.0,45.00000000000001,13056.0
2024-03-27,Not recorded,R4,1.0,16.0,281.0,Frozen historical,5.0,80.0,13136.0
2024-03-28,Not recorded,R4,1.0,11.000000000000002,280.0,Frozen historical,5.0,55.00000000000001,13191.0
2024-04-01,Not recorded,R4,1.0,21.0,277.0,Frozen historical,5.0,105.0,13296.0
2024-04-08,Not recorded,R1,1.0,17.0,263.0,Frozen historical,5.0,85.0,13381.0
2024-04-09,Not recorded,R4,1.0,31.0,234.0,Frozen historical,6.0,186.0,13567.0
2024-04-11,Not recorded,R5,0.5,-19.0,226.0,Frozen historical,3.0,-57.0,13510.0
2024-04-11,Not recorded,R5,1.0,26.0,273.0,Frozen historical,5.0,130.0,13640.0
2024-04-12,Not recorded,R1,1.0,-83.0,229.0,Frozen historical,6.0,-498.0,13142.0
2024-04-15,Not recorded,R1,1.0,34.0,248.0,Frozen historical,6.0,204.0,13346.0
2024-04-16,Not recorded,R5,0.5,22.0,205.0,Frozen historical,3.0,66.0,13412.0
2024-04-16,Not recorded,R5,1.0,12.000000000000002,267.0,Frozen historical,5.0,60.00000000000001,13472.0
2024-04-17,Not recorded,R5,1.0,25.99999999999998,266.0,Frozen historical,5.0,129.9999999999999,13602.0
2024-04-22,Not recorded,R1,1.0,24.0,250.0,Frozen historical,6.0,144.0,13746.0
2024-04-24,Not recorded,R4,1.0,-51.00000000000002,257.0,Frozen historical,5.0,-255.0000000000001,13491.0
2024-04-26,Not recorded,R4,1.0,23.0,250.99999999999997,Frozen historical,5.0,115.0,13606.0
2024-04-29,Not recorded,R4,1.0,18.000000000000004,261.0,Frozen historical,5.0,90.00000000000001,13696.0
2024-04-30,Not recorded,R1,1.0,27.0,258.0,Frozen historical,5.0,135.0,13831.0
2024-05-01,Not recorded,R5,0.5,-8.0,207.0,Frozen historical,3.0,-24.0,13807.0
2024-05-01,Not recorded,R5,1.0,17.99999999999999,281.0,Frozen historical,5.0,89.99999999999994,13897.0
2024-05-02,Not recorded,R1,1.0,-85.0,218.0,Frozen historical,6.0,-510.0,13387.0
2024-05-03,Not recorded,R4,1.0,17.0,264.0,Frozen historical,5.0,85.0,13472.0
2024-05-07,Not recorded,R4,1.0,12.000000000000002,274.0,Frozen historical,5.0,60.00000000000001,13532.0
2024-05-08,Not recorded,R5,1.0,14.000000000000002,277.0,Frozen historical,5.0,70.00000000000001,13602.0
2024-05-09,Not recorded,R4,1.0,16.000000000000004,267.0,Frozen historical,5.0,80.00000000000001,13682.0
2024-05-10,Not recorded,R4,1.0,15.0,270.0,Frozen historical,5.0,75.0,13757.0
2024-05-13,Not recorded,R4,1.0,20.0,276.0,Frozen historical,5.0,100.0,13857.0
2024-05-14,Not recorded,R1,1.0,18.0,263.0,Frozen historical,5.0,90.0,13947.0
2024-05-16,Not recorded,R4,1.0,10.999999999999998,276.0,Frozen historical,5.0,54.99999999999999,14002.0
2024-05-17,Not recorded,R5,0.5,-5.0,271.0,Frozen historical,2.0,-10.0,13992.0
2024-05-23,Not recorded,R4,1.0,-38.0,271.0,Frozen historical,5.0,-190.0,13802.0
2024-05-28,Not recorded,R4,1.0,21.0,277.0,Frozen historical,5.0,105.0,13907.0
2024-05-29,Not recorded,R5,0.5,-12.0,275.0,Frozen historical,2.0,-24.0,13883.0
2024-05-30,Not recorded,R5,0.5,14.0,271.0,Frozen historical,2.0,28.0,13911.0
2024-05-31,Not recorded,R5,0.5,33.0,230.0,Frozen historical,3.0,99.0,14010.0
2024-06-03,Not recorded,R4,1.0,39.0,246.0,Frozen historical,6.0,234.0,14244.0
2024-06-04,Not recorded,R1,1.0,27.999999999999996,238.0,Frozen historical,6.0,167.99999999999997,14412.0
2024-06-05,Not recorded,R4,1.0,15.0,268.0,Frozen historical,5.0,75.0,14487.0
2024-06-06,Not recorded,R4,1.0,3.0,271.0,Frozen historical,5.0,15.0,14502.0
2024-06-13,Not recorded,R1,1.0,19.0,270.0,Frozen historical,5.0,95.0,14597.0
2024-06-17,Not recorded,R4,1.0,9.0,280.0,Frozen historical,5.0,45.0,14642.0
2024-06-18,Not recorded,R1,1.0,18.999999999999993,259.0,Frozen historical,5.0,94.99999999999996,14737.0
2024-06-21,Not recorded,R5,0.5,-6.0,269.0,Frozen historical,2.0,-12.0,14725.0
2024-06-24,Not recorded,R4,1.0,-29.000000000000004,279.0,Frozen historical,5.0,-145.00000000000003,14580.0
2024-06-25,Not recorded,R1,1.0,-21.0,279.0,Frozen historical,5.0,-105.0,14475.0
2024-06-26,Not recorded,R4,1.0,-27.0,273.0,Frozen historical,5.0,-135.0,14340.0
2024-06-27,Not recorded,R1,1.0,15.999999999999998,275.0,Frozen historical,5.0,79.99999999999999,14420.0
2024-06-28,Not recorded,R4,1.0,-30.000000000000004,278.0,Frozen historical,5.0,-150.00000000000003,14270.0
2024-07-01,Not recorded,R1,1.0,-47.0,255.0,Frozen historical,5.0,-235.0,14035.0
2024-07-03,Not recorded,R4,1.0,11.000000000000002,277.0,Frozen historical,5.0,55.00000000000001,14090.0
2024-07-05,Not recorded,R4,1.0,19.0,262.0,Frozen historical,5.0,95.0,14185.0
2024-07-10,Not recorded,R4,1.0,12.000000000000002,277.0,Frozen historical,5.0,60.00000000000001,14245.0
2024-07-16,Not recorded,R1,1.0,15.000000000000002,268.0,Frozen historical,5.0,75.00000000000001,14320.0
2024-07-18,Not recorded,R1,1.0,12.0,281.0,Frozen historical,5.0,60.0,14380.0
2024-07-22,Not recorded,R1,1.0,24.0,250.0,Frozen historical,6.0,144.0,14524.0
2024-07-23,Not recorded,R4,1.0,24.0,248.0,Frozen historical,6.0,144.0,14668.0
2024-07-25,Not recorded,R5,0.5,39.0,225.0,Frozen historical,3.0,117.0,14785.0
2024-07-29,Not recorded,R4,1.0,-59.0,245.0,Frozen historical,6.0,-354.0,14431.0
2024-07-30,Not recorded,R1,1.0,45.0,226.0,Frozen historical,6.0,270.0,14701.0
2024-08-01,Not recorded,R4,1.0,83.0,208.0,Frozen historical,7.0,581.0,15282.0
2024-08-02,Not recorded,R5,1.0,32.00000000000001,242.0,Frozen historical,6.0,192.00000000000009,15474.0
2024-08-07,Not recorded,R1,1.0,-65.0,241.0,Frozen historical,6.0,-390.0,15084.0
2024-08-12,Not recorded,R4,1.0,-67.0,248.0,Frozen historical,6.0,-402.0,14682.0
2024-08-13,Not recorded,R4,1.0,25.0,248.0,Frozen historical,6.0,150.0,14832.0
2024-08-15,Not recorded,R4,1.0,21.000000000000004,254.99999999999997,Frozen historical,5.0,105.0,14937.0
2024-08-19,Not recorded,R4,1.0,13.999999999999998,270.0,Frozen historical,5.0,69.99999999999999,15007.0
2024-08-20,Not recorded,R4,1.0,34.0,263.0,Frozen historical,5.0,170.0,15177.0
2024-08-21,Not recorded,R1,1.0,35.0,244.0,Frozen historical,6.0,210.0,15387.0
2024-08-22,Not recorded,R4,1.0,38.0,258.0,Frozen historical,5.0,190.0,15577.0
2024-08-23,Not recorded,R1,1.0,31.999999999999996,229.0,Frozen historical,6.0,191.99999999999997,15769.0
2024-08-26,Not recorded,R4,1.0,35.0,262.0,Frozen historical,5.0,175.0,15944.0
2024-08-28,Not recorded,R4,1.0,22.0,210.0,Frozen historical,7.0,154.0,16098.0
2024-09-03,Not recorded,R1,1.0,39.0,238.0,Frozen historical,6.0,234.0,16332.0
2024-09-09,Not recorded,R1,1.0,30.0,234.0,Frozen historical,6.0,180.0,16512.0
2024-09-10,Not recorded,R4,1.0,-74.0,232.0,Frozen historical,6.0,-444.0,16068.0
2024-09-12,Not recorded,R4,1.0,26.999999999999996,243.00000000000003,Frozen historical,6.0,161.99999999999997,16230.0
2024-09-13,Not recorded,R4,1.0,31.0,234.0,Frozen historical,6.0,186.0,16416.0
2024-09-17,Not recorded,R4,1.0,-42.999999999999986,258.0,Frozen historical,5.0,-214.99999999999991,16201.0
2024-09-19,Not recorded,R4,1.0,-50.99999999999999,250.99999999999997,Frozen historical,5.0,-254.99999999999997,15946.0
2024-09-23,Not recorded,R4,1.0,15.000000000000002,267.0,Frozen historical,5.0,75.00000000000001,16021.0
2024-09-24,Not recorded,R4,1.0,9.0,280.0,Frozen historical,5.0,45.0,16066.0
2024-09-25,Not recorded,R4,1.0,-31.0,269.0,Frozen historical,5.0,-155.0,15911.0
2024-10-01,Not recorded,R1,1.0,50.0,218.0,Frozen historical,6.0,300.0,16211.0
2024-10-03,Not recorded,R1,1.0,34.0,235.0,Frozen historical,6.0,204.0,16415.0
2024-10-15,Not recorded,R1,1.0,-41.0,264.0,Frozen historical,5.0,-205.0,16210.0
2024-10-25,Not recorded,R4,1.0,12.0,274.0,Frozen historical,5.0,60.0,16270.0
2024-11-08,Not recorded,R4,1.0,13.999999999999998,270.0,Frozen historical,5.0,69.99999999999999,16340.0
2024-11-11,Not recorded,R4,1.0,41.0,255.0,Frozen historical,5.0,205.0,16545.0
2024-11-13,Not recorded,R1,1.0,15.0,278.0,Frozen historical,5.0,75.0,16620.0
2024-11-15,Not recorded,R5,1.0,-21.0,279.0,Frozen historical,5.0,-105.0,16515.0
2024-11-20,Not recorded,R4,1.0,17.0,216.0,Frozen historical,6.0,102.0,16617.0
2024-11-22,Not recorded,R1,1.0,22.000000000000004,254.99999999999997,Frozen historical,5.0,110.0,16727.0
2024-11-25,Not recorded,R4,1.0,13.0,275.0,Frozen historical,5.0,65.0,16792.0
2024-11-26,Not recorded,R1,1.0,15.000000000000002,267.0,Frozen historical,5.0,75.00000000000001,16867.0
2024-11-27,Not recorded,R4,1.0,26.0,268.0,Frozen historical,5.0,130.0,16997.0
2024-12-03,Not recorded,R1,1.0,9.0,282.0,Frozen historical,5.0,45.0,17042.0
2024-12-04,Not recorded,R4,1.0,-27.0,282.0,Frozen historical,5.0,-135.0,16907.0
2024-12-09,Not recorded,R1,1.0,-32.0,280.0,Frozen historical,5.0,-160.0,16747.0
2024-12-27,Not recorded,R5,0.5,14.0,270.0,Frozen historical,2.0,28.0,16775.0
2024-12-30,Not recorded,R5,0.5,14.0,273.0,Frozen historical,2.0,28.0,16803.0
2024-12-31,Not recorded,R1,1.0,-100.0,213.0,Frozen historical,7.0,-700.0,16103.0
2025-01-02,Not recorded,R4,1.0,34.0,239.0,Frozen historical,6.0,204.0,16307.0
2025-01-03,Not recorded,R1,1.0,26.000000000000007,245.00000000000003,Frozen historical,6.0,156.00000000000006,16463.0
2025-01-08,Not recorded,R5,0.5,2.0,212.0,Frozen historical,3.0,6.0,16469.0
2025-01-10,Not recorded,R5,0.5,28.0,244.0,Frozen historical,3.0,84.0,16553.0
2025-01-14,Not recorded,R4,1.0,23.0,250.99999999999997,Frozen historical,5.0,115.0,16668.0
2025-01-16,Not recorded,R4,1.0,-55.0,248.0,Frozen historical,6.0,-330.0,16338.0
2025-01-17,Not recorded,R4,1.0,21.000000000000004,254.0,Frozen historical,5.0,105.0,16443.0
2025-01-21,Not recorded,R4,1.0,17.0,265.0,Frozen historical,5.0,85.0,16528.0
2025-01-22,Not recorded,R4,1.0,19.0,262.0,Frozen historical,5.0,95.0,16623.0
2025-01-28,Not recorded,R4,1.0,23.999999999999993,253.00000000000003,Frozen historical,5.0,119.99999999999996,16743.0
2025-01-30,Not recorded,R4,1.0,18.0,260.0,Frozen historical,5.0,90.0,16833.0
2025-01-31,Not recorded,R4,1.0,13.999999999999996,271.0,Frozen historical,5.0,69.99999999999999,16903.0
2025-02-04,Not recorded,R1,1.0,54.999999999999986,213.0,Frozen historical,7.0,384.9999999999999,17288.0
2025-02-05,Not recorded,R1,1.0,23.0,252.0,Frozen historical,5.0,115.0,17403.0
2025-02-06,Not recorded,R4,1.0,21.000000000000004,254.0,Frozen historical,5.0,105.0,17508.0
2025-02-07,Not recorded,R4,1.0,63.0,231.0,Frozen historical,6.0,378.0,17886.0
2025-02-14,Not recorded,R4,1.0,15.000000000000002,267.0,Frozen historical,5.0,75.00000000000001,17961.0
2025-02-21,Not recorded,R1,1.0,38.0,238.0,Frozen historical,6.0,228.0,18189.0
2025-02-25,Not recorded,R5,0.5,43.0,206.0,Frozen historical,3.0,129.0,18318.0
2025-02-26,Not recorded,R1,1.0,60.0,204.99999999999997,Frozen historical,7.0,420.0,18738.0
2025-02-27,Not recorded,R1,1.0,66.0,194.0,Frozen historical,7.0,462.0,19200.0
2025-03-03,Not recorded,R4,1.0,91.0,201.0,Frozen historical,7.0,637.0,19837.0
2025-03-04,Not recorded,R5,0.5,44.0,208.0,Frozen historical,3.0,132.0,19969.0
2025-03-04,Not recorded,R5,1.0,33.999999999999986,245.0,Frozen historical,6.0,203.99999999999991,20173.0
2025-03-13,Not recorded,R4,1.0,71.0,221.99999999999997,Frozen historical,6.0,426.0,20599.0
2025-03-17,Not recorded,R4,1.0,25.000000000000007,245.00000000000003,Frozen historical,6.0,150.00000000000006,20749.0
2025-03-28,Not recorded,R5,0.5,42.0,217.0,Frozen historical,3.0,126.0,20875.0
2025-04-02,Not recorded,R1,1.0,-30.00000000000003,162.0,Frozen historical,9.0,-270.0000000000002,20605.0
2025-04-03,Not recorded,R5,0.5,14.0,269.0,Frozen historical,2.0,28.0,20633.0
2025-04-03,Not recorded,R5,1.0,31.99999999999998,249.0,Frozen historical,6.0,191.9999999999999,20825.0
2025-04-07,Not recorded,R5,0.5,-42.0,261.0,Frozen historical,2.0,-84.0,20741.0
2025-04-07,Not recorded,R5,1.0,21.000000000000018,278.0,Frozen historical,5.0,105.00000000000009,20846.0
2025-04-08,Not recorded,R1,1.0,-88.0,213.0,Frozen historical,7.0,-616.0,20230.0
2025-04-09,Not recorded,R5,1.0,24.99999999999998,274.0,Frozen historical,5.0,124.99999999999989,20355.0
2025-04-11,Not recorded,R1,1.0,50.00000000000002,190.0,Frozen historical,7.0,350.00000000000017,20705.0
2025-04-14,Not recorded,R4,1.0,38.0,219.0,Frozen historical,6.0,228.0,20933.0
2025-04-15,Not recorded,R1,1.0,36.99999999999999,218.00000000000003,Frozen historical,6.0,221.99999999999991,21155.0
2025-04-16,Not recorded,R5,0.5,7.0,253.0,Frozen historical,2.0,14.0,21169.0
2025-04-17,Not recorded,R1,1.0,40.0,218.00000000000003,Frozen historical,6.0,240.0,21409.0
2025-04-23,Not recorded,R4,1.0,38.000000000000014,216.0,Frozen historical,6.0,228.00000000000009,21637.0
2025-04-25,Not recorded,R4,1.0,26.0,244.0,Frozen historical,6.0,156.0,21793.0
2025-04-28,Not recorded,R4,1.0,-75.00000000000003,225.0,Frozen historical,6.0,-450.00000000000017,21343.0
2025-04-30,Not recorded,R5,0.5,-15.0,249.0,Frozen historical,3.0,-45.0,21298.0
2025-04-30,Not recorded,R5,1.0,17.00000000000001,282.0,Frozen historical,5.0,85.00000000000006,21383.0
2025-05-21,Not recorded,R5,1.0,23.0,263.0,Frozen historical,5.0,115.0,21498.0
2025-05-23,Not recorded,R5,0.5,1.0,272.0,Frozen historical,2.0,2.0,21500.0
2025-05-27,Not recorded,R4,1.0,15.0,267.0,Frozen historical,5.0,75.0,21575.0
2025-05-28,Not recorded,R4,1.0,50.0,239.0,Frozen historical,6.0,300.0,21875.0
2025-06-02,Not recorded,R1,1.0,24.000000000000004,246.99999999999997,Frozen historical,6.0,144.00000000000003,22019.0
2025-06-12,Not recorded,R5,1.0,39.0,236.0,Frozen historical,6.0,234.0,22253.0
2025-06-16,Not recorded,R1,1.0,57.00000000000001,209.0,Frozen historical,7.0,399.00000000000006,22652.0
2025-06-20,Not recorded,R5,0.5,36.0,230.0,Frozen historical,3.0,108.0,22760.0
2025-06-20,Not recorded,R5,1.0,21.999999999999982,264.0,Frozen historical,5.0,109.99999999999991,22870.0
2025-06-24,Not recorded,R4,1.0,9.999999999999998,279.0,Frozen historical,5.0,49.99999999999999,22920.0
2025-07-01,Not recorded,R1,1.0,21.999999999999996,265.0,Frozen historical,5.0,110.0,23030.0
2025-07-16,Not recorded,R5,0.5,5.0,264.0,Frozen historical,2.0,10.0,23040.0
2025-07-16,Not recorded,R5,1.0,19.000000000000007,280.0,Frozen historical,5.0,95.00000000000004,23135.0
2025-07-17,Not recorded,R4,1.0,13.999999999999998,271.0,Frozen historical,5.0,69.99999999999999,23205.0
2025-07-18,Not recorded,R4,1.0,31.0,266.0,Frozen historical,5.0,155.0,23360.0
2025-07-23,Not recorded,R4,1.0,14.000000000000002,270.0,Frozen historical,5.0,70.00000000000001,23430.0
2025-07-28,Not recorded,R4,1.0,-34.00000000000001,278.0,Frozen historical,5.0,-170.00000000000003,23260.0
2025-07-30,Not recorded,R1,1.0,23.0,270.0,Frozen historical,5.0,115.0,23375.0
2025-08-01,Not recorded,R5,1.0,28.000000000000004,246.0,Frozen historical,6.0,168.00000000000003,23543.0
2025-08-05,Not recorded,R4,1.0,36.0,261.0,Frozen historical,5.0,180.0,23723.0
2025-08-06,Not recorded,R1,1.0,24.000000000000004,250.99999999999997,Frozen historical,5.0,120.0,23843.0
2025-08-07,Not recorded,R4,1.0,46.0,250.0,Frozen historical,6.0,276.0,24119.0
2025-08-11,Not recorded,R4,1.0,-30.0,273.0,Frozen historical,5.0,-150.0,23969.0
2025-08-13,Not recorded,R4,1.0,-42.00000000000001,264.0,Frozen historical,5.0,-210.00000000000003,23759.0
2025-08-15,Not recorded,R4,1.0,32.0,264.0,Frozen historical,5.0,160.0,23919.0
2025-08-19,Not recorded,R1,1.0,-35.99999999999999,267.0,Frozen historical,5.0,-179.99999999999997,23739.0
2025-08-20,Not recorded,R5,0.5,23.0,251.0,Frozen historical,2.0,46.0,23785.0
2025-08-27,Not recorded,R4,1.0,25.0,246.0,Frozen historical,6.0,150.0,23935.0
2025-08-28,Not recorded,R4,1.0,13.000000000000004,273.0,Frozen historical,5.0,65.00000000000001,24000.0
2025-08-29,Not recorded,R1,1.0,33.0,249.0,Frozen historical,6.0,198.0,24198.0
2025-09-03,Not recorded,R4,1.0,-22.000000000000007,279.0,Frozen historical,5.0,-110.00000000000004,24088.0
2025-09-04,Not recorded,R4,1.0,15.000000000000002,267.0,Frozen historical,5.0,75.00000000000001,24163.0
2025-09-05,Not recorded,R4,1.0,64.0,229.0,Frozen historical,6.0,384.0,24547.0
2025-09-08,Not recorded,R1,1.0,10.0,278.0,Frozen historical,5.0,50.0,24597.0
2025-09-09,Not recorded,R4,1.0,-38.0,263.0,Frozen historical,5.0,-190.0,24407.0
2025-09-10,Not recorded,R4,1.0,-31.00000000000001,271.0,Frozen historical,5.0,-155.00000000000006,24252.0
2025-09-17,Not recorded,R5,1.0,-26.0,274.0,Frozen historical,5.0,-130.0,24122.0
2025-09-23,Not recorded,R1,1.0,-24.000000000000007,278.0,Frozen historical,5.0,-120.00000000000004,24002.0
2025-09-25,Not recorded,R5,0.5,11.0,276.0,Frozen historical,2.0,22.0,24024.0
2025-09-26,Not recorded,R4,1.0,14.999999999999996,271.0,Frozen historical,5.0,74.99999999999999,24099.0
2025-10-02,Not recorded,R4,1.0,17.0,281.0,Frozen historical,5.0,85.0,24184.0
2025-10-10,Not recorded,R1,1.0,19.0,259.0,Frozen historical,5.0,95.0,24279.0
2025-10-13,Not recorded,R1,1.0,25.0,246.99999999999997,Frozen historical,6.0,150.0,24429.0
2025-10-15,Not recorded,R4,1.0,-48.0,263.0,Frozen historical,5.0,-240.0,24189.0
2025-10-17,Not recorded,R5,1.0,21.000000000000018,278.0,Frozen historical,5.0,105.00000000000009,24294.0
2025-10-22,Not recorded,R1,1.0,-52.99999999999998,254.0,Frozen historical,5.0,-264.9999999999999,24029.0
2025-10-27,Not recorded,R4,1.0,11.0,277.0,Frozen historical,5.0,55.0,24084.0
2025-11-06,Not recorded,R1,1.0,47.0,226.0,Frozen historical,6.0,282.0,24366.0
2025-11-07,Not recorded,R5,0.5,27.0,244.0,Frozen historical,3.0,81.0,24447.0
2025-11-07,Not recorded,R5,1.0,35.999999999999986,237.0,Frozen historical,6.0,215.99999999999991,24663.0
2025-11-10,Not recorded,R4,1.0,12.000000000000002,277.0,Frozen historical,5.0,60.00000000000001,24723.0
2025-11-11,Not recorded,R1,1.0,20.0,256.0,Frozen historical,5.0,100.0,24823.0
2025-11-12,Not recorded,R4,1.0,54.0,237.0,Frozen historical,6.0,324.0,25147.0
2025-11-13,Not recorded,R5,0.5,26.0,245.0,Frozen historical,3.0,78.0,25225.0
2025-11-17,Not recorded,R4,1.0,-91.0,215.0,Frozen historical,6.0,-546.0,24679.0
2025-11-18,Not recorded,R5,0.5,40.0,214.0,Frozen historical,3.0,120.0,24799.0
2025-11-18,Not recorded,R5,1.0,45.000000000000014,236.0,Frozen historical,6.0,270.0000000000001,25069.0
2025-11-19,Not recorded,R1,1.0,86.99999999999994,156.00000000000006,Frozen historical,9.0,782.9999999999995,25852.0
2025-11-20,Not recorded,R4,1.0,-73.00000000000001,228.00000000000003,Frozen historical,6.0,-438.0000000000001,25414.0
2025-11-21,Not recorded,R5,1.0,36.999999999999986,262.0,Frozen historical,5.0,184.99999999999991,25599.0
2025-11-25,Not recorded,R4,1.0,23.0,249.00000000000003,Frozen historical,6.0,138.0,25737.0
2025-11-26,Not recorded,R4,1.0,26.0,245.00000000000003,Frozen historical,6.0,156.0,25893.0
2025-11-28,Not recorded,R4,1.0,13.999999999999998,271.0,Frozen historical,5.0,69.99999999999999,25963.0
2025-12-02,Not recorded,R1,1.0,24.0,250.99999999999997,Frozen historical,5.0,120.0,26083.0
2025-12-04,Not recorded,R4,1.0,40.0,256.0,Frozen historical,5.0,200.0,26283.0
2025-12-05,Not recorded,R4,1.0,21.000000000000004,256.0,Frozen historical,5.0,105.0,26388.0
2025-12-10,Not recorded,R5,1.0,17.99999999999999,281.0,Frozen historical,5.0,89.99999999999994,26478.0
2025-12-12,Not recorded,R4,1.0,60.0,234.0,Frozen historical,6.0,360.0,26838.0
2025-12-15,Not recorded,R1,1.0,43.0,234.0,Frozen historical,6.0,258.0,27096.0
2025-12-16,Not recorded,R5,1.0,11.00000000000001,282.0,Frozen historical,5.0,55.00000000000006,27151.0
2025-12-17,Not recorded,R4,1.0,57.0,237.0,Frozen historical,6.0,342.0,27493.0
2025-12-26,Not recorded,R1,1.0,13.000000000000004,272.0,Frozen historical,5.0,65.00000000000001,27558.0
2025-12-30,Not recorded,R1,1.0,12.0,276.0,Frozen historical,5.0,60.0,27618.0
2025-12-31,Not recorded,R5,0.5,25.0,248.0,Frozen historical,3.0,75.0,27693.0
2026-01-09,Not recorded,R4,1.0,23.0,252.0,Frozen historical,5.0,115.0,27808.0
2026-01-14,Not recorded,R5,0.5,35.0,240.0,Frozen historical,3.0,105.0,27913.0
2026-01-14,Not recorded,R5,1.0,16.99999999999998,272.0,Frozen historical,5.0,84.99999999999989,27998.0
2026-01-15,Not recorded,R4,1.0,17.0,265.0,Frozen historical,5.0,85.0,28083.0
2026-01-21,Not recorded,R5,1.0,42.99999999999999,229.99999999999997,Frozen historical,6.0,257.99999999999994,28341.0
2026-01-22,Not recorded,R4,1.0,14.000000000000002,269.0,Frozen historical,5.0,70.00000000000001,28411.0
2026-01-26,Not recorded,R5,1.0,-21.000000000000004,280.0,Frozen historical,5.0,-105.0,28306.0
2026-01-28,Not recorded,R4,1.0,44.0,227.0,Frozen historical,6.0,264.0,28570.0
2026-01-29,Not recorded,R1,1.0,56.0,212.0,Frozen historical,7.0,392.0,28962.0
2026-01-30,Not recorded,R1,1.0,27.999999999999993,241.0,Frozen historical,6.0,167.99999999999994,29130.0
2026-02-03,Not recorded,R4,1.0,62.0,233.0,Frozen historical,6.0,372.0,29502.0
2026-02-18,Not recorded,R4,1.0,38.99999999999999,216.0,Frozen historical,6.0,233.99999999999991,29736.0
2026-02-20,Not recorded,R4,1.0,35.0,231.99999999999997,Frozen historical,6.0,210.0,29946.0
2026-02-23,Not recorded,R1,1.0,41.0,236.0,Frozen historical,6.0,246.0,30192.0
2026-02-25,Not recorded,R4,1.0,25.0,246.0,Frozen historical,6.0,150.0,30342.0
2026-02-26,Not recorded,R4,1.0,80.0,212.0,Frozen historical,7.0,560.0,30902.0
2026-03-03,Not recorded,R5,0.5,19.0,260.0,Frozen historical,2.0,38.0,30940.0
2026-03-05,Not recorded,R4,1.0,73.0,220.0,Frozen historical,6.0,438.0,31378.0
2026-03-06,Not recorded,R5,0.5,-60.0,243.0,Frozen historical,3.0,-180.0,31198.0
2026-03-10,Not recorded,R4,1.0,20.0,258.0,Frozen historical,5.0,100.0,31298.0
2026-03-12,Not recorded,R5,0.5,29.0,242.0,Frozen historical,3.0,87.0,31385.0
2026-03-12,Not recorded,R5,1.0,13.000000000000004,273.0,Frozen historical,5.0,65.00000000000001,31450.0
2026-03-13,Not recorded,R5,1.0,32.99999999999998,245.0,Frozen historical,6.0,197.9999999999999,31648.0
2026-03-16,Not recorded,R1,1.0,29.999999999999993,235.0,Frozen historical,6.0,179.99999999999994,31828.0
2026-03-17,Not recorded,R4,1.0,-53.0,246.99999999999997,Frozen historical,6.0,-318.0,31510.0
2026-03-20,Not recorded,R5,0.5,40.0,221.0,Frozen historical,3.0,120.0,31630.0
2026-03-20,Not recorded,R5,1.0,25.99999999999999,256.0,Frozen historical,5.0,129.99999999999994,31760.0
2026-03-27,Not recorded,R5,0.5,1.0,270.0,Frozen historical,2.0,2.0,31762.0
2026-04-01,Not recorded,R4,1.0,26.0,244.0,Frozen historical,6.0,156.0,31918.0
2026-04-09,Not recorded,R1,1.0,20.999999999999996,257.0,Frozen historical,5.0,105.0,32023.0
2026-04-15,Not recorded,R4,1.0,19.0,258.0,Frozen historical,5.0,95.0,32118.0
2026-04-16,Not recorded,R4,1.0,17.0,263.0,Frozen historical,5.0,85.0,32203.0
2026-04-17,Not recorded,R4,1.0,26.0,245.00000000000003,Frozen historical,6.0,156.0,32359.0
2026-04-20,Not recorded,R1,1.0,-43.999999999999986,258.0,Frozen historical,5.0,-219.99999999999991,32139.0
2026-04-21,Not recorded,R4,1.0,68.0,225.0,Frozen historical,6.0,408.0,32547.0
2026-04-24,Not recorded,R4,1.0,20.0,256.0,Frozen historical,5.0,100.0,32647.0
2026-04-27,Not recorded,R1,1.0,20.0,258.0,Frozen historical,5.0,100.0,32747.0
2026-04-29,Not recorded,R4,1.0,25.0,198.0,Frozen historical,7.0,175.0,32922.0
2026-04-30,Not recorded,R4,1.0,25.999999999999996,243.00000000000003,Frozen historical,6.0,155.99999999999997,33078.0
2026-05-01,Not recorded,R4,1.0,21.0,257.0,Frozen historical,5.0,105.0,33183.0
2026-05-06,Not recorded,R4,1.0,13.999999999999998,270.0,Frozen historical,5.0,69.99999999999999,33253.0
2026-05-07,Not recorded,R4,1.0,18.0,261.0,Frozen historical,5.0,90.0,33343.0
2026-05-08,Not recorded,R4,1.0,18.0,260.0,Frozen historical,5.0,90.0,33433.0
2026-05-13,Not recorded,R4,1.0,-75.0,228.0,Frozen historical,6.0,-450.0,32983.0
2026-05-15,Not recorded,R5,0.5,-10.0,249.0,Frozen historical,3.0,-30.0,32953.0
2026-05-15,Not recorded,R5,1.0,11.99999999999999,279.0,Frozen historical,5.0,59.99999999999994,33013.0
2026-05-20,Not recorded,R4,1.0,37.999999999999986,231.0,Frozen historical,6.0,227.99999999999991,33241.0
2026-05-22,Not recorded,R4,1.0,25.0,246.0,Frozen historical,6.0,150.0,33391.0
2026-05-27,Not recorded,R4,1.0,48.0,246.99999999999997,Frozen historical,6.0,288.0,33679.0
2026-05-29,Not recorded,R4,1.0,-49.0,253.00000000000003,Frozen historical,5.0,-245.0,33434.0
2026-06-03,Not recorded,R1,1.0,27.0,255.0,Frozen historical,5.0,135.0,33569.0
2026-06-05,Not recorded,R1,1.0,38.0,237.0,Frozen historical,6.0,228.0,33797.0
2026-06-09,Not recorded,R1,1.0,63.0,198.0,Forward extension,7.0,441.0,34238.0
2026-06-11,Not recorded,R1,1.0,40.0,217.0,Forward extension,6.0,240.0,34478.0
2026-06-12,Not recorded,R4,1.0,-108.0,198.0,Forward extension,7.0,-756.0,33722.0
2026-06-17,Not recorded,R1,1.0,-110.0,214.0,Forward extension,7.0,-770.0,32952.0
2026-06-22,Not recorded,R1,1.0,38.0,240.0,Forward extension,6.0,228.0,33180.0
2026-06-24,Not recorded,R1,1.0,36.0,221.0,Forward extension,6.0,216.0,33396.0
2026-06-25,Not recorded,R1,1.0,61.0,200.0,Forward extension,7.0,427.0,33823.0
2026-06-29,Not recorded,R4,1.0,-84.0,223.0,Forward extension,6.0,-504.0,33319.0
2026-06-30,Not recorded,R4,1.0,27.0,242.0,Forward extension,6.0,162.0,33481.0
2026-07-02,Not recorded,R1,1.0,-73.0,235.0,Forward extension,6.0,-438.0,33043.0
2026-07-07,Not recorded,R1,1.0,38.0,241.0,Forward extension,6.0,228.0,33271.0
2026-07-08,Not recorded,R5,0.5,30.0,237.0,Forward extension,3.0,90.0,33361.0
2026-07-09,Not recorded,R4,1.0,21.0,256.0,Forward extension,5.0,105.0,33466.0
2026-07-10,Not recorded,R4,1.0,-105.0,259.0,Forward extension,5.0,-525.0,32941.0
2026-07-13,Not recorded,R1,1.0,20.0,256.0,Forward extension,5.0,100.0,33041.0
2026-07-15,Not recorded,R4,1.0,-52.0,263.0,Forward extension,5.0,-260.0,32781.0
2026-07-20,Not recorded,R4,1.0,-60.0,244.0,Forward extension,6.0,-360.0,32421.0
2026-07-22,Not recorded,R1,1.0,17.0,246.0,Forward extension,6.0,102.0,32523.0
2026-07-24,Not recorded,R1,1.0,26.0,243.0,Forward extension,6.0,156.0,32679.0
2026-07-29,Not recorded,R4,1.0,-113.0,195.0,Forward extension,7.0,-791.0,31888.0
2026-07-30,Not recorded,R1,1.0,34.0,248.0,Forward extension,6.0,204.0,32092.0
2026-08-05,Not recorded,R4,1.0,-96.0,213.0,Forward extension,7.0,-672.0,31420.0
2026-08-06,Not recorded,R1,1.0,25.0,250.0,Forward extension,6.0,150.0,31570.0
2026-08-07,Not recorded,R4,1.0,-53.0,257.0,Forward extension,5.0,-265.0,31305.0
2026-08-11,Not recorded,R1,1.0,23.0,265.0,Forward extension,5.0,115.0,31420.0
2026-08-17,Not recorded,R1,1.0,13.0,275.0,Forward extension,5.0,65.0,31485.0
2026-08-20,Not recorded,R5,0.5,-30.0,276.0,Forward extension,2.0,-60.0,31425.0
